student_id,name,birth_date,role,email,password,created_at,updated_at
S0001,Endah Gunawan,2014-11-07,siswa,endah.gunawan7522@gmail.com,gglfOR3Poo,,
S0002,Fitri Ginting,2014-07-02,siswa,fitri.ginting7171@gmail.com,8BRc5HE5vg,,
S0003,Hafiz Purnama,2014-04-27,siswa,hafiz.purnama7169@gmail.com,EDddm17eCd,,
S0004,Qori Wulandari,2013-10-19,siswa,qori.wulandari6789@gmail.com,fiJdGLJ3Pa,,
S0005,Oki Kusuma,2013-11-20,siswa,oki.kusuma6301@gmail.com,s7ZqmJVtwL,,
S0006,Endah Ramadhan,2014-03-09,siswa,endah.ramadhan1708@gmail.com,xRiVVfUOSP,,
S0007,Hany Sinaga,2014-01-19,siswa,hany.sinaga1466@gmail.com,tt5EMdsbdo,,
S0008,Indra Simanjuntak,2013-06-27,siswa,indra.simanjuntak9234@gmail.com,OgFCMkUPc6,,
S0009,Anisa Siregar,2013-12-23,,anisa.siregar2884@gmail.com,CheMcXnhjl,,
S0010,Lukman Wijaya,2014-09-23,siswa,lukman.wijaya660@gmail.com,mAd07TnsrI,,
S0011,Kevin Siregar,2014-11-19,siswa,kevin.siregar5752@gmail.com,NxXSclN3JT,,
S0012,Erwin Situmorang,2014-02-21,siswa,erwin.situmorang9563@gmail.com,7AVJooWtBC,,
S0013,Erwin Rahayu,2013-04-18,siswa,erwin.rahayu916@gmail.com,2anQWbhI5B,,
S0014,Chandra Santoso,2013-11-07,siswa,chandra.santoso3361@gmail.com,GjvNqCcXc0,,
S0015,Santi Sari,2014-01-02,,santi.sari3434@gmail.com,yODrPP5MNf,,
S0016,Kartika Simanjuntak,2013-03-09,siswa,kartika.simanjuntak886@gmail.com,KTAdILzlYI,,
S0017,Endah Fitriani,2014-12-08,siswa,endah.fitriani8779@gmail.com,VpbGbRJ0of,,
S0018,Hendra Sinaga,2013-04-04,siswa,hendra.sinaga2790@gmail.com,yOyXJkfXbB,,
S0019,Tia Santoso,2014-09-18,siswa,tia.santoso7811@gmail.com,ux1X9WCYc6,,
S0020,Hafiz Situmorang,2013-12-10,siswa,hafiz.situmorang4407@gmail.com,5JzL2ouieH,,
S0021,Prabowo Tarigan,,siswa,prabowo.tarigan9551@gmail.com,VYVLkJNaHR,,
S0022,Indra Lubis,2013-05-23,siswa,indra.lubis9746@gmail.com,QQQqfWOj8M,,
S0023,KURNIAWAN SETIAWAN,2013-02-25,siswa,kurniawan.setiawan3557@gmail.com,2x8zlOeyFW,,
S0024,Santi Gunawan,2013-03-11,siswa,santi.gunawan7776@gmail.com,ZdUGzedKVa,,
S0025,,2013-08-25,siswa,gita.siregar5579@gmail.com,JrtN8cxBrG,,
S0026,Lukman Wijaya,2014-03-11,siswa,lukman.wijaya847@gmail.com,3NuQkZHX40,,
S0027,Cahyo Saputra,2013-02-05,siswa,cahyo.saputra1903@gmail.com,VyjGv70gAP,,
S0028,Hafiz Hidayat,2013-01-15,siswa,hafiz.hidayat1712@gmail.com,DBVqfrvAtD,,
S0029,Nina Wulandari,2014-04-20,siswa,nina.wulandari2318@gmail.com,09z6ZVa6wt,,
S0030,Juli Tarigan,2014-01-16,siswa,juli.tarigan4272@gmail.com,ZJ37rS3kf8,,
S0031,Lukman Hidayatullah,2013-01-15,siswa,lukman.hidayatullah769@gmail.com,y95w5TZTzc,,
S0032,Endah Permana,2013-05-09,siswa,endah.permana3533@gmail.com,ieuxftfbWD,,
S0033,Qomar Wulandari,2013-02-06,siswa,N/A,U13L0WEBaP,,
S0034,Indah Saputra,2013-01-04,siswa,indah.saputra5978 at gmail.com,fjwERwMCeP,,
S0035,Farhan Permana,2014-05-13,siswa,farhan.permana9923@gmail.com,QdBBf7tnCW,,
S0036,Aditya Wijaya,2013-10-22,siswa,aditya.wijaya1439@gmail.com,tFG14QqkMy,,
S0037,Juli Purnama,2013-07-17,siswa,juli.purnama4558@gmail.com,qwacaLID3b,,
S0038,Fajar Ginting,2014-02-17,siswa,fajar.ginting9690@gmail.com,qkQ5QnJ5hm,,
S0039,Joko Lestari,2014-03-27,siswa,joko.lestari1095@gmail.com,gBmhoqLPhI,,
S0040,Santi Setiawan,2013-01-05,???,santi.setiawan1681@gmail.com,c3fmkRxJEQ,,
S0041,Fitri Wulandari,2014-11-04,siswa,fitri.wulandari7413@gmail.com,zlDK5EGnFx,,
S0042,Fajar Hidayatullah,2013-05-03,siswa,fajar.hidayatullah843@gmail.com,3mokFNDQUB,,
S0043,Qori Utami,2014-11-12,siswa,qori.utami1560@gmail.com,CyrkvOGtw7,,
S0044,Citra Nugraha,2014-02-11,siswa,citra.nugraha7049@gmail.com,X56Zos6P4v,,
S0045,Indra Pane,2013-01-15,siswa,indra.pane9590@gmail.com,3xny2o5uPA,,
S0046,Fitri Lestari,2013-11-07,siswa,fitri.lestari2679@gmail.com,mFhmM87oq6,,
S0047,Mulyono Wijaya,2014-04-11,siswa,mulyono.wijaya8666@gmail.com,DOer8FhyF3,,
S0048,Cahyo Lubis,2014-03-18,???,cahyo.lubis2839@gmail.com,mYKTICN5L7,,
S0049,Rina Setiawan,2014-06-17,siswa,N/A,5kRkfBDXpr,,
S0050,Kevin Sembiring,2013-12-23,siswa,kevin.sembiring8171@gmail.com,2MYwdTGHAY,,
S0051,Maya Nasution,2013-03-21,siswa,maya.nasution525@gmail.com,gCKuT4XUaC,,
S0052,Maya Ramadhan,2013-05-20,siswa,maya.ramadhan1495@gmail.com,utS6t2NInn,,
S0053,Aditya Sembiring,2013-09-01,siswa,aditya.sembiring9903@gmail.com,qYEKpyhXbq,,
S0054,Ahmad Pane,2013-11-12,siswa,ahmad.pane4980@gmail.com,WBOithmkf1,,
S0055,,2014-09-13,siswa,rian.pratama7564@gmail.com,rX1mQ8FKzO,,
S0056,Putri Situmorang,2014-06-08,siswa,putri.situmorang8171@gmail.com,Jznw9OGWns,,
S0057,Taufik Santoso,2014-11-11,???,taufik.santoso508@gmail.com,Llxu6tr5HW,,
S0058,Hafiz Tarigan,2014-09-07,siswa,hafiz.tarigan2447@gmail.com,vV7aOYTfQa,,
S0059,Fitri Pratama,2014-01-14,siswa,fitri.pratama1013@gmail.com,i0dpLdcaFa,,
S0060,Suryo Sembiring,2013-12-11,siswa,suryo.sembiring5284@gmail.com,Spu15eirw1,,
S0061,Nugroho Gunawan,2013-12-02,siswa,nugroho.gunawan7248@gmail.com,ePEd86rvPd,,
S0062,Nugroho Saputra,2013-03-16,siswa,nugroho.saputra4995@gmail.com,8ykzF5BOH2,,
S0063,Farhan Santoso,2013-06-08,siswa,farhan.santoso3348@gmail.com,eNAlN2T1zu,,
S0064,Maya Harahap,2013-01-09,siswa,maya.harahap9432@gmail.com,XTFdg3NMhZ,,
S0065,Rina Sinaga,2013-05-01,siswa,rina.sinaga3151@gmail.com,lV4eOban0Z,,
S0066,Gilang Ramadhan,2013-12-14,siswa,gilang.ramadhan3670@gmail.com,lvqvq3jTwD,,
S0067,Ahmad Santoso,2013-04-20,siswa,ahmad.santoso2205@gmail.com,ahCRYxibY4,,
S0068,Joko Siregar,2013-12-12,siswa,joko.siregar5174@gmail.com,Xz7HYjN64W,,
S0069,Doni Lestari,2013-11-16,siswa,doni.lestari5017@gmail.com,Pc4A47Ypol,,
S0070,Oki Sari,2013-07-21,siswa,oki.sari3969@gmail.com,XNUYWtgvni,,
S0071,Indah Lestari,2014-08-03,siswa,indah.lestari7105 at gmail.com,6pSyIUE0Ga,,
S0072,Budi Permana,2014-09-22,siswa,budi.permana7796@gmail.com,KVOa2niKYE,,
S0073,Putri Wijaya,2013-08-07,siswa,putri.wijaya5592@gmail.com,E8ppWcWgJt,,
S0074,Bambang Sari,2013-08-21,siswa,bambang.sari7914 at gmail.com,BpbncP9ubC,,
S0075,Taufik Pratama,2014-05-07,siswa,taufik.pratama1350@gmail.com,YdpdRdPomd,,
S0076,Bambang Sinaga,2013-12-18,siswa,bambang.sinaga3853@gmail.com,iqdrc3elRs,,
S0077,,2014-09-24,siswa,indra.permana4338@gmail.com,cBLsZhGlxp,,
S0078,Taufik Fitriani,2014-06-07,siswa,taufik.fitriani4801@gmail.com,f8BnVKmWkD,,
S0079,Joko Rahayu,2014-06-26,siswa,joko.rahayu2537@gmail.com,hDytvYWita,,
S0080,Lestari Harahap,2014-04-17,siswa,lestari.harahap7500@gmail.com,R5OKfTuQaT,,
S0081,Anisa Sembiring,2014-01-25,siswa,anisa.sembiring6608@gmail.com,WCBrjJdhbl,,
S0082,Fajar Pane,2014-07-03,siswa,fajar.pane5878@gmail.com,4G5XJDOesT,,
S0083,Gilang Siregar,2014-02-01,siswa,gilang.siregar3808@gmail.com,dyfxfVkgQf,,
S0084,Fitri Santoso,2014-01-22,siswa,fitri.santoso4297@gmail.com,n0VBAQZIUY,,
S0085,Hendra Situmorang,2013-11-17,siswa,hendra.situmorang3301@gmail.com,2LdC3uk4Iv,,
S0086,Tia Purnama,2014-10-18,siswa,tia.purnama5804@gmail.com,fCzL9BUDJS,,
S0087,Kurniawan Ramadhan,2014-10-17,siswa,kurniawan.ramadhan551@gmail.com,AdzfwdLrR0,,
S0088,Citra Nugraha,2014-07-15,siswa,citra.nugraha5339@gmail.com,I4lCIFBfqc,,
S0089,Chandra Ramadhan,2014-08-23,siswa,chandra.ramadhan2358@gmail.com,pvXtZZgPxW,,
S0090,Aditya Rahayu,2013-05-09,siswa,,YUEw5FmE1J,,
S0091,Ahmad Santoso,2014-07-19,siswa,ahmad.santoso6976@gmail.com,vPhLBaOx8i,,
S0092,Qori Ramadhan,N/A,siswa,qori.ramadhan1490@gmail.com,b8OutAeu1l,,
S0093,Cahyo Wulandari,2013-10-25,siswa,cahyo.wulandari4066@gmail.com,s2Tek5olU1,,
S0094,Lukman Sembiring,2013-07-02,siswa,lukman.sembiring5911@gmail.com,ouh2zreik7,,
S0095,Hafiz Purnama,2014-06-21,siswa,hafiz.purnama4727@gmail.com,t5SR735fLw,,
S0096,Lukman Sari,2013-06-03,siswa,lukman.sari164@gmail.com,wuiw5zF8As,,
S0097,Gita Situmorang,2013-07-23,siswa,gita.situmorang1087@gmail.com,DYdSbcMwdG,,
S0098,Joko Rahayu,2014-08-05,siswa,joko.rahayu4894@gmail.com,bZu916hr8Q,,
S0099,Putri Nasution,2013-07-21,siswa,putri.nasution7903@gmail.com,Ejac4uW9x6,,
S0100,Kartika Nugraha,2013-01-26,siswa,kartika.nugraha364@gmail.com,fiVLo78TLe,,
S0101,Juli Ginting,2013-02-21,siswa,juli.ginting402@gmail.com,CvTvcYtzqV,,
S0102,Hany Nugraha,2014-10-15,siswa,hany.nugraha204@gmail.com,PF4s9tECn7,,
S0103,Fajar Harahap,,siswa,fajar.harahap8173@gmail.com,E7p5mzR98u,,
S0104,Taufik Harahap,2013-03-19,siswa,taufik.harahap2154@gmail.com,aoUGRpywDZ,,
S0105,Guntur Harahap,2014-01-10,siswa,guntur.harahap3229@gmail.com,VHNylFqU2O,,
S0106,Nina Nugraha,2013-12-20,siswa,nina.nugraha9894 at gmail.com,nKqnInPfTf,,
S0107,Hany Nasution,2014-07-08,siswa,hany.nasution3359@gmail.com,Ja0ntTS5cg,,
S0108,Oki Utami,2013-06-19,siswa,oki.utami5171@gmail.com,zhnoXDaBVO,,
S0109,Chandra Lestari,2013-10-23,siswa,chandra.lestari9422@gmail.com,s1lgrncMvJ,,
S0110,Bambang Sari,2014-06-15,siswa,bambang.sari2372@gmail.com,GeS0C6HcIG,,
S0111,Indah Permana,2013-12-11,siswa,indah.permana5758@gmail.com,ittS3ZZdWg,,
S0112,Putri Situmorang,2014-11-02,siswa,putri.situmorang7231@gmail.com,oKP7HVd7E8,,
S0113,Hafiz Ramadhan,2014-02-24,siswa,hafiz.ramadhan9411@gmail.com,KxZEX8xdYR,,
S0114,Citra Harahap,2013-11-20,siswa,citra.harahap9184@gmail.com,K7PLt1tN2n,,
S0115,Putri Sinaga,,siswa,putri.sinaga1773@gmail.com,VJFvblY53k,,
S0116,Kartika Pane,2014-08-18,siswa,kartika.pane6579@gmail.com,gyNhGT4mpb,,
S0117,???,2014-10-07,siswa,chandra.sembiring9258@gmail.com,QbpelfnPpB,,
S0118,Hafiz Sari,2014-06-01,siswa,hafiz.sari6579@gmail.com,v75y1mMhE6,,
S0119,Lestari Wijaya,2013-05-11,siswa,lestari.wijaya1200@gmail.com,WfQ4drvAw6,,
S0120,Dedi Lestari,2014-02-08,siswa,dedi.lestari3976@gmail.com,DCafp6bJFh,,
S0121,Doni Harahap,2013-06-06,siswa,doni.harahap5438@gmail.com,eKuJH5YbSS,,
S0122,Hendra Utami,2013-09-07,siswa,hendra.utami8506@gmail.com,PXwNP55VOQ,,
S0123,Doni Ginting,,siswa,doni.ginting962@gmail.com,hJqP2x95in,,
S0124,Maya Pratama,2014-01-06,siswa,maya.pratama3152@gmail.com,421ooSU0SC,,
S0125,Citra Kusuma,2013-06-16,siswa,citra.kusuma9489@gmail.com,YAYHNv6NZl,,
S0126,Mulyono Sinaga,2014-04-17,siswa,mulyono.sinaga4650@gmail.com,AwuMXiZ8bh,,
S0127,Putri Wijaya,2013-12-23,,putri.wijaya4750@gmail.com,S37tgi6v8z,,
S0128,Lestari Pane,2013-04-01,siswa,lestari.pane811@gmail.com,N/A,,
S0129,Suryo Situmorang,2014-03-13,siswa,suryo.situmorang7923@gmail.com,UbOpRv6Ycr,,
S0130,Dewi Hidayatullah,2014-05-18,siswa,dewi.hidayatullah3742@gmail.com,0vbEnCa6M8,,
S0131,Oktavia Siregar,2014-12-23,siswa,oktavia.siregar2194@gmail.com,53MNLoBr9Y,,
S0132,Citra Kusuma,2013-01-03,siswa,citra.kusuma5791@gmail.com,I0CHai2MwT,,
S0133,Fajar Purnama,2014-07-15,siswa,fajar.purnama8335@gmail.com,7pqxAUBRsd,,
S0134,,2013-05-25,siswa,putri.ginting4428@gmail.com,JhZxBwksPj,,
S0135,Qomar Pratama,2014-12-14,siswa,qomar.pratama704@gmail.com,PcVCFxyrYn,,
S0136,Tia Permana,2014-10-11,siswa,tia.permana7169@gmail.com,14DEc4KkcE,,
S0137,Erwin Santoso,2013-03-19,siswa,erwin.santoso9081@gmail.com,LuaavTauIe,,
S0138,Farhan Gunawan,2014-08-28,siswa,farhan.gunawan2945@gmail.com,ZjxXBbgl0g,,
S0139,Mulyono Siregar,2014-11-09,siswa,mulyono.siregar1880@gmail.com,8Y0MRIvPQE,,
S0140,Erwin Santoso,2014-08-10,siswa,erwin.santoso1103@gmail.com,GJQXYGkGZN,,
S0141,NINA SETIAWAN,2014-05-02,siswa,nina.setiawan4232@gmail.com,KHqVV7axGO,,
S0142,Putri Rahayu,2013-08-12,siswa,putri.rahayu8257@gmail.com,VjjjPUDNO0,,
S0143,Farhan Harahap,2014-04-03,siswa,farhan.harahap8758@gmail.com,xybPmpfp2V,,
S0144,Suryo Ramadhan,2013-01-18,siswa,suryo.ramadhan6786@gmail.com,pnXF7fVAIB,,
S0145,Kevin Kusuma,,siswa,kevin.kusuma1542@gmail.com,tr69rRT7BV,,
S0146,Bambang Fitriani,2013-05-09,siswa,bambang.fitriani759@gmail.com,7CpOJsLjjm,,
S0147,Doni Sembiring,2014-08-18,siswa,doni.sembiring3037@gmail.com,rwK3Pd05rN,,
S0148,Eko Sinaga,2013-03-18,siswa,eko.sinaga6863@gmail.com,knLxFHbujj,,
S0149,Chandra Nugraha,2013-09-03,siswa,chandra.nugraha5046@gmail.com,5H1BVYeKbM,,
S0150,Budi Pratama,2014-07-08,siswa,budi.pratama299@gmail.com,v8q53jBcbU,,
S0151,Qori Purnama,2014-07-28,siswa,qori.purnama8165@gmail.com,Lv2FsYdYXk,,
S0152,Farhan Fitriani,2014-10-04,siswa,farhan.fitriani9365@gmail.com,L44PcivVnn,,
S0153,Nina Harahap,2014-09-16,siswa,nina.harahap9845@gmail.com,D4EljI7Psj,,
S0154,Bambang Nugraha,2013-06-08,siswa,bambang.nugraha9772@gmail.com,,,
S0155,Rina Situmorang,2013-04-07,siswa,rina.situmorang5861@gmail.com,cOuw9Pjzud,,
S0156,Nugroho Hidayatullah,2014-09-28,siswa,nugroho.hidayatullah2000@gmail.com,zUNcbrAyhT,,
S0157,Endah Nasution,2013-05-26,siswa,endah.nasution1181@gmail.com,B4zpkGNDmK,,
S0158,Ahmad Ginting,2013-11-16,siswa,ahmad.ginting6828@gmail.com,KU7FVkmrOv,,
S0159,Indah Lubis,2014-10-07,siswa,indah.lubis7538@gmail.com,SyPgYOmO2X,,
S0160,Erwin Wijaya,2013-07-16,siswa,erwin.wijaya9712@gmail.com,ROYGuBMM3g,,
S0161,Maya Simanjuntak,2013-12-18,siswa,maya.simanjuntak4998@gmail.com,jJcvlUceGr,,
S0162,Farhan Setiawan,2014-05-03,siswa,N/A,9rhEDwUGz2,,
S0163,Guntur Utami,2013-11-15,siswa,guntur.utami2253@gmail.com,vKSXYmfgif,,
S0164,Budi Situmorang,2014-12-12,siswa,budi.situmorang7072@gmail.com,FYlvMenUh8,,
S0165,Cahyo Lubis,2014-11-06,siswa,cahyo.lubis3590@gmail.com,N/A,,
S0166,Endah Hidayat,2013-05-08,siswa,endah.hidayat9837@gmail.com,2SPZllcLOs,,
S0167,Taufik Lestari,2013-04-04,siswa,taufik.lestari4679@gmail.com,4ipw2hs7lP,,
S0168,Putri Lestari,2013-04-11,siswa,putri.lestari2519@gmail.com,qU7HPrWAB6,,
S0169,Kurniawan Harahap,2013-03-18,siswa,kurniawan.harahap4926@gmail.com,qQgDDb8rZN,,
S0170,Taufik Ginting,2014-11-01,siswa,taufik.ginting9620@gmail.com,,,
S0171,Lukman Gunawan,2013-03-15,siswa,lukman.gunawan9133@gmail.com,WyAo9ogaas,,
S0172,Rina Simanjuntak,2013-03-01,siswa,rina.simanjuntak7187@gmail.com,vTXUQmpNjV,,
S0173,Kevin Gunawan,2013-06-09,siswa,kevin.gunawan1299@gmail.com,pgsu7cyWwO,,
S0174,Hendra Pratama,2013-10-21,siswa,hendra.pratama9576@gmail.com,LtgvmwY0bG,,
S0175,Joko Lubis,2013-11-01,siswa,joko.lubis5712@gmail.com,xyFdBmPFEG,,
S0176,Maya Santoso,2013-08-13,siswa,maya.santoso2368@gmail.com,u2ncB4R5EQ,,
S0177,Juli Tarigan,2014-04-11,siswa,juli.tarigan9194@gmail.com,0UpjSiEIjl,,
S0178,???,2014-11-03,siswa,dedi.harahap7518@gmail.com,vwEnDIDYvR,,
S0179,Prabowo Utami,2013-11-10,siswa,N/A,w21uuBRx2A,,
S0180,Bambang Tarigan,2014-04-22,siswa,bambang.tarigan8244@gmail.com,wdsSAJNfOu,,
S0181,Fitri Rahayu,2014-09-18,siswa,fitri.rahayu6010@gmail.com,6xg4krrw80,,
S0182,Taufik Purnama,2013-07-28,siswa,,3WEnQvhIHF,,
S0183,Tia Hidayatullah,2014-07-21,siswa,tia.hidayatullah2845@gmail.com,5xYMElqhjT,,
S0184,Ahmad Siregar,2014-05-20,siswa,ahmad.siregar4504@gmail.com,RTtC7HG0iQ,,
S0185,Dewi Purnama,2014-07-02,siswa,dewi.purnama9498@gmail.com,f6eNGI7DIN,,
S0186,Guntur Ramadhan,2014-09-24,siswa,guntur.ramadhan7624@gmail.com,spK0teQog2,,
S0187,Tia Sari,2013-12-02,siswa,tia.sari3111@gmail.com,2UjZyfuWRZ,,
S0188,Hendra Rahayu,2014-06-24,siswa,hendra.rahayu8331@gmail.com,WsxUqnizSu,,
S0189,Indah Tarigan,2013-07-25,siswa,indah.tarigan3680@gmail.com,GByj7JgoXZ,,
S0190,Kartika Situmorang,2013-06-11,siswa,kartika.situmorang6845@gmail.com,nr31s9eW64,,
S0191,Prabowo Rahayu,2013-06-18,siswa,prabowo.rahayu9665@gmail.com,Woo5lvMSEK,,
S0192,Joko Sembiring,2013-02-25,siswa,joko.sembiring9472 at gmail.com,hkxPkEsS9m,,
S0193,Bambang Nasution,2014-07-26,,bambang.nasution3249@gmail.com,gqJZUfh4or,,
S0194,Eko Pane,2013-07-22,siswa,eko.pane3198@gmail.com,sadg49w9No,,
S0195,Citra Permana,2013-11-11,siswa,citra.permana2735@gmail.com,KmrwGoSNAi,,
S0196,Irfan Permana,2014-06-10,siswa,irfan.permana8384@gmail.com,ixrs9LWSrU,,
S0197,Kartika Siregar,2014-11-28,siswa,kartika.siregar2970@gmail.com,eleYku5sYD,,
S0198,Hany Wulandari,2014-04-12,,hany.wulandari278@gmail.com,Gdqhf4kxrI,,
S0199,Kartika Saputra,2014-06-02,siswa,kartika.saputra3341@gmail.com,6BX8KlLFiD,,
S0200,Bunga Pratama,2014-09-26,siswa,bunga.pratama8614@gmail.com,DNCThBmmKZ,,
S0201,Suryo Santoso,2014-01-14,siswa,suryo.santoso4349@gmail.com,PnLW9E7wMT,,
S0202,Bambang Kusuma,2013-12-11,???,bambang.kusuma1431@gmail.com,n5O34kxqJT,,
S0203,Guntur Ginting,2013-10-09,siswa,guntur.ginting667@gmail.com,udAUsWs4Z5,,
S0204,Hany Lestari,2014-01-14,siswa,hany.lestari8789@gmail.com,LL4Rxx9n0x,,
S0205,Rina Tarigan,2013-11-22,siswa,rina.tarigan2868@gmail.com,N/A,,
S0206,Putri Pane,2014-10-23,siswa,putri.pane2157@gmail.com,JVsUjETkLW,,
S0207,Joko Nasution,2013-05-04,siswa,joko.nasution1706@gmail.com,coUWSZvNq8,,
S0208,Kartika Situmorang,2013-04-08,siswa,kartika.situmorang5490@gmail.com,NVS5xmEMXM,,
S0209,Dedi Wijaya,2014-11-09,siswa,dedi.wijaya3845@gmail.com,3BD0J5NYLS,,
S0210,Qori Sinaga,2014-12-14,siswa,qori.sinaga6570@gmail.com,km4YGYhMfq,,
S0211,Budi Utami,2014-10-17,siswa,budi.utami1229@gmail.com,UYfppVvC3e,,
S0212,Farhan Siregar,N/A,siswa,farhan.siregar6670@gmail.com,BGHoa28Hw6,,
S0213,Lestari Ramadhan,,siswa,lestari.ramadhan1035@gmail.com,9VFZzbBT3J,,
S0214,Kurniawan Gunawan,2014-07-02,siswa,kurniawan.gunawan1590@gmail.com,C0WK5Cmy0b,,
S0215,Nina Hidayat,2014-12-06,siswa,nina.hidayat5055@gmail.com,NrMzaDadI7,,
S0216,Fajar Permana,2013-09-20,siswa,fajar.permana8038@gmail.com,biVb6AuTpC,,
S0217,Dedi Permana,2014-02-01,siswa,dedi.permana6329@gmail.com,???,,
S0218,Joko Kusuma,2014-06-21,siswa,joko.kusuma8918@gmail.com,SwcQk1J3TL,,
S0219,Ahmad Harahap,2013-03-03,siswa,ahmad.harahap1091@gmail.com,gOaah4dIQc,,
S0220,Mulyono Siregar,2013-05-15,siswa,mulyono.siregar4555@gmail.com,duDkqmN3gj,,
S0221,Juli Santoso,2014-03-06,siswa,juli.santoso3783@gmail.com,bt0QM8idow,,
S0222,Irfan Saputra,2014-02-04,siswa,irfan.saputra2443@gmail.com,xqJvvKxPT9,,
S0223,Rina Ginting,2014-04-18,siswa,rina.ginting1130@gmail.com,20dXKFUC8B,,
S0224,Dedi Permana,2013-07-24,siswa,dedi.permana5865@gmail.com,wqeCVhpvBn,,
S0225,Juli Saputra,2014-08-18,siswa,juli.saputra8538@gmail.com,2qHZOHlqx1,,
S0226,Taufik Rahayu,2013-09-04,siswa,taufik.rahayu3885@gmail.com,lfTlEWndQJ,,
S0227,Kevin Ramadhan,2013-11-18,siswa,kevin.ramadhan594@gmail.com,1gZARlAfWa,,
S0228,Kartika Situmorang,2013-11-24,siswa,kartika.situmorang566@gmail.com,ZiEEA9YV7c,,
S0229,Irfan Harahap,2013-10-15,siswa,irfan.harahap9931@gmail.com,bMKJxp3oWB,,
S0230,Guntur Rahayu,2013-03-02,siswa,guntur.rahayu7864@gmail.com,WmzimBHkIZ,,
S0231,Lestari Ginting,2013-01-07,siswa,lestari.ginting3373@gmail.com,MNCEXkG6f4,,
S0232,Endah Siregar,2014-07-13,siswa,,3bDBryIeI3,,
S0233,Indra Sari,2013-01-03,siswa,indra.sari5301@gmail.com,VTZ2cGPNG3,,
S0234,Qomar Rahayu,2013-11-05,siswa,qomar.rahayu9785@gmail.com,XDYRRYOwh0,,
S0235,Dedi Santoso,2013-08-25,siswa,dedi.santoso7208@gmail.com,dRWh4pz65r,,
S0236,Santi Wulandari,2013-07-12,siswa,santi.wulandari3495@gmail.com,swW54UKkEx,,
S0237,Bambang Gunawan,2013-05-21,siswa,bambang.gunawan2257@gmail.com,7wz0l9K08q,,
S0238,Lukman Wijaya,2013-04-27,siswa,lukman.wijaya9159@gmail.com,9Q3HYtu6id,,
S0239,Maya Ginting,2013-05-14,siswa,maya.ginting4717@gmail.com,TUvPUjcsfc,,
S0240,Santi Purnama,2013-02-23,siswa,santi.purnama1898@gmail.com,vCXrYFMNjq,,
S0241,Bambang Permana,2014-07-17,siswa,bambang.permana8723@gmail.com,Abq0KGZn9z,,
S0242,Kurniawan Nugraha,2013-08-28,siswa,kurniawan.nugraha5208@gmail.com,DmD1CMihjd,,
S0243,Indra Saputra,2013-09-02,siswa,indra.saputra2803@gmail.com,bnJrpBzoIP,,
S0244,Qomar Rahayu,2013-03-12,siswa,qomar.rahayu7454@gmail.com,miFRSo58Kx,,
S0245,Dewi Nasution,2014-11-26,siswa,dewi.nasution8564@gmail.com,vq3OKHsDlQ,,
S0246,Tia Setiawan,2013-08-05,siswa,tia.setiawan3274@gmail.com,Om2pJXghX2,,
S0247,Taufik Setiawan,2014-11-12,siswa,taufik.setiawan5012@gmail.com,SoQUlvBYuL,,
S0248,Citra Siregar,2014-11-05,siswa,citra.siregar5678@gmail.com,xtFIbusm45,,
S0249,???,2013-01-14,siswa,citra.santoso4701@gmail.com,ftJ2maaF1L,,
S0250,???,2014-07-21,siswa,juli.gunawan5994@gmail.com,8jU454hCtm,,
S0251,Gilang Hidayatullah,2013-02-23,siswa,gilang.hidayatullah409@gmail.com,iyu2RZltZU,,
S0252,Kartika Ginting,2014-12-09,siswa,kartika.ginting5752@gmail.com,cp6U72dm9O,,
S0253,Oktavia Situmorang,2014-08-14,siswa,oktavia.situmorang4004@gmail.com,5sPUV90Qwf,,
S0254,Indah Nugraha,,siswa,indah.nugraha406@gmail.com,CCCda94NEE,,
S0255,Cahyo Pratama,2013-04-17,siswa,cahyo.pratama8833@gmail.com,FtYhsvjidA,,
S0256,Tia Santoso,2013-08-22,siswa,tia.santoso5171@gmail.com,???,,
S0257,Kevin Lubis,2014-02-10,siswa,kevin.lubis1774@gmail.com,bUHFEJJ95c,,
S0258,Santi Wijaya,2013-02-18,siswa,santi.wijaya8909@gmail.com,ZHBy8xo85x,,
S0259,Budi Ginting,2014-08-09,siswa,budi.ginting8912@gmail.com,xUBAyD03eV,,
S0260,Ahmad Harahap,2014-06-23,siswa,ahmad.harahap8516@gmail.com,WO5hTv5jB5,,
S0261,Qori Nugraha,2014-01-13,siswa,qori.nugraha8199@gmail.com,lWGHZNVMop,,
S0262,Doni Siregar,2014-12-21,siswa,doni.siregar5739@gmail.com,KhkBwFD4na,,
S0263,Aditya Nugraha,2013-05-25,siswa,aditya.nugraha8669@gmail.com,hzo4CUJgVW,,
S0264,Fajar Sari,2013-08-16,siswa,fajar.sari1524@gmail.com,iwAwggKmkb,,
S0265,Doni Rahayu,2014-01-02,siswa,doni.rahayu8510@gmail.com,rrGXCIIgIS,,
S0266,Bunga Fitriani,2014-04-06,siswa,bunga.fitriani2758@gmail.com,TMhAvSKnX5,,
S0267,Hendra Simanjuntak,2013-02-09,siswa,hendra.simanjuntak9322@gmail.com,wGvRfz6B2Q,,
S0268,Oki Pratama,2014-07-18,siswa,oki.pratama9856@gmail.com,HXhzrVeuuT,,
S0269,Suryo Saputra,2014-02-20,siswa,suryo.saputra4127@gmail.com,1DUfXZBimk,,
S0270,Farhan Lestari,2014-09-25,siswa,farhan.lestari8921@gmail.com,???,,
S0271,Tia Utami,2014-10-22,siswa,tia.utami2618@gmail.com,IhccC2zvxb,,
S0272,Cahyo Saputra,2013-12-21,siswa,cahyo.saputra3432@gmail.com,,,
S0273,Fitri Wijaya,2014-03-14,siswa,fitri.wijaya9264@gmail.com,???,,
S0274,Bambang Sembiring,2013-07-01,siswa,bambang.sembiring634@gmail.com,8jipVoqjIw,,
S0275,Chandra Nugraha,2014-02-18,siswa,chandra.nugraha7221@gmail.com,zkFtp5HPll,,
S0276,Nugroho Wulandari,2013-06-09,siswa,nugroho.wulandari3884@gmail.com,JdcpS604lO,,
S0277,Endah Situmorang,2014-06-24,siswa,endah.situmorang9538@gmail.com,aGd01jkYKX,,
S0278,Lukman Utami,2013-09-13,siswa,lukman.utami1232@gmail.com,El6HhuZ5PU,,
S0279,Mulyono Saputra,2014-06-03,siswa,mulyono.saputra1889@gmail.com,xjRA6w8UEt,,
S0280,Chandra Tarigan,2013-03-20,siswa,chandra.tarigan194@gmail.com,CxzCkof21Y,,
S0281,Irfan Sinaga,2013-11-24,siswa,irfan.sinaga7234 at gmail.com,anVbgI7Qg1,,
S0282,Kartika Pane,2014-01-25,siswa,kartika.pane3200@gmail.com,w5gIjo5eWd,,
S0283,Kurniawan Setiawan,2014-10-26,siswa,kurniawan.setiawan5103@gmail.com,h39yf9npYZ,,
S0284,Lestari Lubis,2013-01-23,siswa,lestari.lubis8242@gmail.com,lQnRc3tmci,,
S0285,Kurniawan Purnama,2014-09-01,siswa,kurniawan.purnama6923@gmail.com,4KA7qT22E0,,
S0286,Tia Fitriani,2014-12-24,siswa,tia.fitriani511@gmail.com,oxWlENiNen,,
S0287,Erwin Hidayat,2014-07-22,siswa,erwin.hidayat567@gmail.com,Pb1Vga3Jfz,,
S0288,Cahyo Santoso,2013-08-12,siswa,cahyo.santoso2065@gmail.com,4R9UNG6KWr,,
S0289,Lestari Sinaga,2013-12-12,siswa,lestari.sinaga5315@gmail.com,BbLD1lh41P,,
S0290,Indah Setiawan,2014-04-26,siswa,indah.setiawan7280@gmail.com,w3e26UUf8F,,
S0291,Irfan Nugraha,2014-02-17,siswa,irfan.nugraha9233@gmail.com,JPnHCbG6YJ,,
S0292,Qomar Pane,2014-08-11,siswa,qomar.pane7033@gmail.com,SJq3NItQ9p,,
S0293,Oktavia Lubis,2013-04-26,siswa,oktavia.lubis6756@gmail.com,R51ihycjvu,,
S0294,Fajar Hidayat,2014-10-17,,fajar.hidayat9190@gmail.com,RZD9JOa9CT,,
S0295,Hendra Hidayatullah,2014-03-24,siswa,hendra.hidayatullah3905@gmail.com,ZAOGOFDYyv,,
S0296,Oktavia Sari,2013-09-23,siswa,oktavia.sari1602@gmail.com,cs6KiF5xj3,,
S0297,Cahyo Saputra,,siswa,cahyo.saputra2574@gmail.com,ftXK1VdmJF,,
S0298,Citra Saputra,2013-08-27,???,citra.saputra694@gmail.com,gKs4NsGg6A,,
S0299,Fajar Sari,2013-03-22,siswa,fajar.sari3268@gmail.com,NKNfY9ynGd,,
S0300,Taufik Fitriani,2014-09-17,siswa,taufik.fitriani1631 at gmail.com,zmvecLGWwA,,
S0301,Qomar Utami,2013-10-19,siswa,qomar.utami491@gmail.com,N2ZOVkbmIp,,
S0302,Bunga Sembiring,2013-03-22,siswa,bunga.sembiring8355@gmail.com,635HNhjH33,,
S0303,Tia Kusuma,2014-07-14,siswa,tia.kusuma1938@gmail.com,Na0PynXkEF,,
S0304,Aditya Harahap,2013-09-21,siswa,aditya.harahap1163@gmail.com,vjBITJJTSo,,
S0305,Dedi Hidayatullah,2013-10-28,siswa,dedi.hidayatullah9710@gmail.com,3IjmKRkXPw,,
S0306,Juli Harahap,2014-03-22,siswa,juli.harahap7081@gmail.com,3tAzv8feYp,,
S0307,Ahmad Wijaya,2014-06-15,siswa,ahmad.wijaya7010@gmail.com,kYQfBLwwpH,,
S0308,Oktavia Utami,2014-06-21,siswa,oktavia.utami1255@gmail.com,Lz4Pb53zO2,,
S0309,Hany Kusuma,2014-01-11,siswa,hany.kusuma860@gmail.com,S00oyPq4NZ,,
S0310,Chandra Pratama,2013-07-19,siswa,chandra.pratama6874@gmail.com,GFd9vWq5la,,
S0311,Guntur Permana,2013-02-26,siswa,guntur.permana6205@gmail.com,nLnqfYXESs,,
S0312,Citra Fitriani,,siswa,citra.fitriani6545@gmail.com,ImCr5i5OkB,,
S0313,Maya Rahayu,2014-06-03,siswa,maya.rahayu430@gmail.com,CjvUHWFa01,,
S0314,Aditya Hidayat,2013-09-12,siswa,aditya.hidayat845@gmail.com,orl1Tzv6JO,,
S0315,Erwin Ginting,2014-04-11,siswa,erwin.ginting820@gmail.com,AKUUYc77rV,,
S0316,Indah Sembiring,2013-04-18,siswa,indah.sembiring6632@gmail.com,PlVNrVVOL3,,
S0317,Chandra Gunawan,N/A,siswa,chandra.gunawan3444@gmail.com,dTbZGUlrue,,
S0318,Rina Rahayu,2013-01-03,siswa,rina.rahayu4618@gmail.com,w4IKIh4wM0,,
S0319,Maya Hidayatullah,2013-06-26,siswa,maya.hidayatullah5067@gmail.com,N/A,,
S0320,Santi Situmorang,2013-04-03,siswa,N/A,sp7aX4WagX,,
S0321,Cahyo Rahayu,2014-10-22,siswa,cahyo.rahayu4581@gmail.com,F21bia2Se1,,
S0322,Hany Setiawan,2014-03-28,siswa,hany.setiawan7673@gmail.com,YqINEFOWgV,,
S0323,Tia Hidayat,2013-12-23,siswa,tia.hidayat7629@gmail.com,O9CeHsyzZd,,
S0324,Lukman Nugraha,2013-09-27,siswa,lukman.nugraha3086@gmail.com,Y6jUr1t8Am,,
S0325,Aditya Setiawan,2013-08-19,siswa,aditya.setiawan3221@gmail.com,3ngTLAuibt,,
S0326,Qomar Setiawan,2013-04-04,siswa,qomar.setiawan9607@gmail.com,0YT9clXA5T,,
S0327,Indah Wijaya,2013-11-27,siswa,indah.wijaya8509@gmail.com,KF2zE93oQC,,
S0328,Kurniawan Gunawan,2013-07-05,siswa,kurniawan.gunawan1015@gmail.com,Xoi1X6pEtz,,
S0329,Budi Sembiring,2013-09-13,siswa,budi.sembiring8070@gmail.com,WOJA67Kdm1,,
S0330,Rina Nugraha,2013-08-02,siswa,rina.nugraha4760@gmail.com,IW29pgj9g1,,
S0331,Prabowo Rahayu,2014-02-22,siswa,prabowo.rahayu7704@gmail.com,lrSC5cNlhh,,
S0332,Joko Sembiring,2014-08-25,siswa,joko.sembiring4221@gmail.com,C9Kq0a2oPU,,
S0333,Joko Rahayu,2013-01-08,siswa,joko.rahayu4051@gmail.com,DMtnsDhR8H,,
S0334,Nina Nasution,2014-12-28,siswa,nina.nasution6217@gmail.com,ECdoUiM21e,,
S0335,Fajar Pratama,,siswa,fajar.pratama2857@gmail.com,FCeHzz4XIb,,
S0336,Hendra Simanjuntak,2013-01-20,siswa,hendra.simanjuntak7864 at gmail.com,hquJYGVzf5,,
S0337,Hafiz Kusuma,2014-07-07,siswa,hafiz.kusuma8150@gmail.com,gLcxtEUIs7,,
S0338,Kartika Ginting,2014-02-20,siswa,kartika.ginting552@gmail.com,3RvE8hDQL5,,
S0339,Taufik Siregar,2014-09-18,siswa,taufik.siregar6972@gmail.com,NmVFiZU1Zj,,
S0340,Qori Nasution,2013-01-19,siswa,qori.nasution7052@gmail.com,xAYPvqEAQM,,
S0341,Santi Nasution,2013-11-27,Siswa,santi.nasution2259@gmail.com,IOcmxPBKC0,,
S0342,Hany Siregar,2013-11-02,siswa,hany.siregar1718@gmail.com,O3u7T1bsnS,,
S0343,Cahyo Nugraha,2013-05-21,siswa,cahyo.nugraha8922@gmail.com,A4E4k0e6NJ,,
S0344,Fitri Utami,N/A,siswa,fitri.utami2597@gmail.com,GWi3NfZRa6,,
S0345,Oktavia Utami,2013-11-14,siswa,oktavia.utami678@gmail.com,ykxVj4sj76,,
S0346,Budi Siregar,2014-11-18,siswa,budi.siregar804@gmail.com,G5k3IMbhzP,,
S0347,Tia Kusuma,2014-01-21,siswa,tia.kusuma2439@gmail.com,72Zx1GbLRd,,
S0348,Qori Permana,2013-11-28,siswa,qori.permana7209@gmail.com,SRY5GjapLc,,
S0349,Hendra Tarigan,2014-12-06,siswa,hendra.tarigan5640@gmail.com,dpMtypaFK8,,
S0350,Indah Ramadhan,2014-11-06,???,indah.ramadhan21@gmail.com,Kr6xN8aCZL,,
S0351,Doni Fitriani,2013-08-16,siswa,doni.fitriani3773@gmail.com,4bienboorL,,
S0352,Suryo Ginting,2014-09-05,siswa,suryo.ginting3046@gmail.com,9bgUuSAnJK,,
S0353,Anisa Ginting,2013-11-06,siswa,anisa.ginting7577@gmail.com,S8xSYOWqYE,,
S0354,Santi Hidayat,2014-01-20,siswa,santi.hidayat5285@gmail.com,Unt9SDtLCn,,
S0355,Indra Gunawan,2014-06-02,siswa,indra.gunawan1254@gmail.com,2Nj44u63Ef,,
S0356,Oki Tarigan,2013-05-23,siswa,oki.tarigan7240@gmail.com,FDLugh0Gg0,,
S0357,Nugroho Kusuma,2013-01-17,siswa,nugroho.kusuma9907@gmail.com,eZfIiuyHO7,,
S0358,Suryo Hidayatullah,2014-09-05,siswa,suryo.hidayatullah5401@gmail.com,dwInjO1rcJ,,
S0359,Cahyo Pratama,2014-02-17,siswa,cahyo.pratama7671@gmail.com,YUU5ZtQMWx,,
S0360,Rina Gunawan,2013-08-03,???,rina.gunawan6612@gmail.com,Dk5PTNHYvt,,
S0361,Nina Ginting,N/A,siswa,nina.ginting5536@gmail.com,ZjxubxGeNT,,
S0362,Indah Permana,2014-08-28,siswa,indah.permana2089@gmail.com,???,,
S0363,Citra Lestari,2013-12-06,siswa,citra.lestari4319@gmail.com,2BOT8w5Qoh,,
S0364,Bambang Wulandari,2014-05-12,siswa,bambang.wulandari728@gmail.com,HhewmRZ2Bc,,
S0365,Kevin Utami,2014-05-27,siswa,kevin.utami1770@gmail.com,F8ZhIUdXqY,,
S0366,Santi Sari,,siswa,santi.sari6254@gmail.com,gpgZlhPhcF,,
S0367,Taufik Fitriani,2014-11-05,siswa,taufik.fitriani6610@gmail.com,XhYQyX6Pgx,,
S0368,Kartika Wulandari,2014-11-07,siswa,kartika.wulandari4178 at gmail.com,gu2vpUnN0K,,
S0369,Dewi Ginting,2014-10-22,siswa,dewi.ginting3974@gmail.com,xUZLaUbSVb,,
S0370,Nina Setiawan,2014-08-16,siswa,nina.setiawan7172@gmail.com,E25Ie2rK8P,,
S0371,Maya Permana,2014-08-22,siswa,maya.permana6475@gmail.com,UHQejlm5nA,,
S0372,Hendra Setiawan,2013-05-14,siswa,hendra.setiawan8491@gmail.com,P4J18qV56e,,
S0373,Taufik Hidayatullah,2013-03-09,siswa,taufik.hidayatullah5234@gmail.com,BSABFe0MCp,,
S0374,Indah Pane,2013-08-17,siswa,indah.pane8692@gmail.com,LRmIIUb3j8,,
S0375,Rian Setiawan,2014-01-20,siswa,rian.setiawan5192@gmail.com,XIDpvkca4v,,
S0376,Dedi Nasution,2013-04-08,siswa,dedi.nasution8227@gmail.com,O9MVkTvuj0,,
S0377,Rina Permana,2014-04-21,siswa,rina.permana4623@gmail.com,,,
S0378,Putri Lestari,2014-07-01,siswa,putri.lestari4588@gmail.com,5LJiUge21e,,
S0379,Erwin Pratama,2013-09-04,siswa,erwin.pratama5540@gmail.com,j02b09WsQr,,
S0380,Bambang Sembiring,,siswa,bambang.sembiring11@gmail.com,sSUyXZo5xu,,
S0381,Citra Wulandari,2013-10-15,siswa,citra.wulandari8173@gmail.com,AQNgcFFSyJ,,
S0382,Dewi Nugraha,2013-09-01,siswa,dewi.nugraha6768@gmail.com,1H8fPDohjC,,
S0383,Chandra Nasution,2014-11-09,siswa,chandra.nasution9410@gmail.com,mgjYyquCVs,,
S0384,Prabowo Sembiring,2013-08-05,siswa,prabowo.sembiring5946@gmail.com,grsDHKeJC5,,
S0385,Nugroho Purnama,2013-01-03,siswa,nugroho.purnama3438@gmail.com,Ci5zjDUDzF,,
S0386,Suryo Setiawan,2013-11-24,siswa,suryo.setiawan1070@gmail.com,IC9rfpx3Hc,,
S0387,Gilang Lestari,2013-05-13,,gilang.lestari490@gmail.com,GTFndUytii,,
S0388,Dewi Ramadhan,2014-07-27,siswa,dewi.ramadhan3993@gmail.com,0ck4pccq54,,
S0389,Lukman Rahayu,2013-10-05,siswa,lukman.rahayu58@gmail.com,Tqvmq84Gx4,,
S0390,Ahmad Purnama,2013-09-10,siswa,ahmad.purnama374@gmail.com,ht0E2NKu51,,
S0391,Gilang Setiawan,2014-08-24,,gilang.setiawan5421@gmail.com,b1wQE5U17W,,
S0392,Fitri Tarigan,2014-06-09,siswa,fitri.tarigan3446@gmail.com,oURnjtQhsp,,
S0393,Suryo Nasution,2013-12-16,siswa,suryo.nasution5813@gmail.com,nXSSAliIo5,,
S0394,Qori Wijaya,2014-12-16,siswa,qori.wijaya525@gmail.com,mbzPnpRtZG,,
S0395,Ahmad Rahayu,2013-04-25,,ahmad.rahayu2518@gmail.com,0sdOxKDJUn,,
S0396,Irfan Situmorang,2013-02-15,siswa,irfan.situmorang246@gmail.com,vPnt2GlKAT,,
S0397,Juli Situmorang,2014-06-15,siswa,juli.situmorang1749@gmail.com,zYcbj2NPrB,,
S0398,Suryo Purnama,2013-03-22,siswa,suryo.purnama1060@gmail.com,pHYit0XfBv,,
S0399,Indra Nugraha,2013-03-23,siswa,indra.nugraha5362@gmail.com,TwNHS9KzrK,,
S0400,Gita Fitriani,2014-08-06,siswa,gita.fitriani7795@gmail.com,z3zfcmhQWa,,
S0401,Rina Sembiring,2013-07-22,siswa,rina.sembiring2154@gmail.com,qssrHd6UvC,,
S0402,Guntur Ginting,2014-11-23,siswa,guntur.ginting6841@gmail.com,pqnY6J97qP,,
S0403,Mulyono Siregar,2014-06-01,siswa,mulyono.siregar8910@gmail.com,DOSfwzsv46,,
S0404,Fajar Fitriani,2013-06-21,siswa,fajar.fitriani730@gmail.com,zDm3AbZYF1,,
S0405,Dewi Purnama,2013-10-10,siswa,dewi.purnama1257@gmail.com,Vb1xfJGpiy,,
S0406,Endah Saputra,2013-04-17,siswa,endah.saputra2769@gmail.com,CRGHKWoYCC,,
S0407,Kevin Permana,2014-11-24,siswa,kevin.permana8876@gmail.com,4P8xStlcNP,,
S0408,Kevin Simanjuntak,2013-11-20,siswa,kevin.simanjuntak1167@gmail.com,h0pi7GO0u9,,
S0409,Aditya Siregar,2014-05-19,siswa,aditya.siregar7515@gmail.com,hO84gpN2Fx,,
S0410,Fajar Fitriani,2014-03-19,siswa,fajar.fitriani2861@gmail.com,rbSrWoPPAZ,,
S0411,Dewi Wulandari,2014-12-01,siswa,dewi.wulandari3061@gmail.com,hgP8msKd9G,,
S0412,Guntur Pratama,2014-03-13,siswa,guntur.pratama5124@gmail.com,cHi64WcV3f,,
S0413,Qori Ginting,2013-09-14,siswa,qori.ginting562@gmail.com,kSEIRsQHlP,,
S0414,Oki Harahap,2013-06-11,siswa,,IxCvF20gdj,,
S0415,Cahyo Ramadhan,2013-11-07,siswa,cahyo.ramadhan1148@gmail.com,m8fAxvmAlS,,
S0416,Maya Sari,,siswa,maya.sari5860@gmail.com,sBbngFpyqk,,
S0417,Bunga Nasution,2014-10-21,siswa,bunga.nasution2092@gmail.com,Lv9zf193bK,,
S0418,Mulyono Pane,2014-01-15,siswa,mulyono.pane4747@gmail.com,Bajiay2T66,,
S0419,Qori Ginting,2014-01-04,siswa,qori.ginting4978@gmail.com,YYfMHkkDtV,,
S0420,Aditya Saputra,2013-08-16,siswa,aditya.saputra8970@gmail.com,JhOMunUSWi,,
S0421,Taufik Hidayatullah,2013-03-14,Siswa,taufik.hidayatullah7404@gmail.com,c1JWRXge4O,,
S0422,Ahmad Situmorang,2014-12-07,siswa,ahmad.situmorang182@gmail.com,nqygpjq3HM,,
S0423,KURNIAWAN LUBIS,2013-02-01,siswa,kurniawan.lubis8712@gmail.com,EEE2J9hERN,,
S0424,Nugroho Sinaga,2014-09-18,siswa,nugroho.sinaga9242@gmail.com,lVWsYqWINM,,
S0425,Tia Situmorang,2014-08-04,siswa,tia.situmorang7910@gmail.com,GIO3W07OKt,,
S0426,Kevin Setiawan,2014-05-13,siswa,kevin.setiawan3169@gmail.com,fd871TsCYn,,
S0427,Dewi Gunawan,2014-11-02,siswa,dewi.gunawan290@gmail.com,vxryChGttF,,
S0428,Indah Utami,2014-03-25,siswa,indah.utami8043@gmail.com,uKbTOVjjeT,,
S0429,Putri Permana,2014-02-28,siswa,putri.permana5228@gmail.com,nMRzznybCU,,
S0430,Taufik Wulandari,2013-08-14,siswa,taufik.wulandari8381@gmail.com,gIjSrYaRgq,,
S0431,,2013-06-02,siswa,farhan.sembiring2094@gmail.com,iwAvVplipM,,
S0432,Maya Nasution,2013-03-14,siswa,maya.nasution5672@gmail.com,IHbPdyrV9f,,
S0433,Taufik Situmorang,2014-04-11,siswa,taufik.situmorang6232@gmail.com,MsYqmyVJAL,,
S0434,Putri Saputra,2013-04-22,siswa,putri.saputra8174@gmail.com,QaaCUGDveU,,
S0435,Qomar Pane,2013-07-28,siswa,qomar.pane4208@gmail.com,JYaF8HZif8,,
S0436,Santi Lestari,,siswa,santi.lestari9556@gmail.com,St1Q3Nveac,,
S0437,DONI SIREGAR,2014-07-08,siswa,doni.siregar9886@gmail.com,2W6h5FGyHl,,
S0438,BUNGA GUNAWAN,2014-07-17,siswa,bunga.gunawan7498@gmail.com,JiX0XNkBCB,,
S0439,Chandra Pane,2014-08-24,siswa,chandra.pane6285@gmail.com,jtiB8437Ea,,
S0440,Lestari Siregar,2014-11-12,siswa,lestari.siregar792@gmail.com,L4Klp2g0Er,,
S0441,Maya Santoso,2014-12-08,siswa,maya.santoso2335@gmail.com,7LzNJXRByi,,
S0442,Suryo Siregar,2013-01-08,siswa,suryo.siregar8916@gmail.com,TQE88Ig23D,,
S0443,Bunga Wulandari,2013-04-27,siswa,bunga.wulandari2941@gmail.com,1aq1nQAUHV,,
S0444,Guntur Wulandari,2013-07-18,siswa,guntur.wulandari5642@gmail.com,26ZKAnmns8,,
S0445,Dedi Tarigan,2013-05-06,siswa,dedi.tarigan872@gmail.com,p3kRAsEOYG,,
S0446,Bambang Situmorang,2014-01-28,siswa,bambang.situmorang6696@gmail.com,IV9kOkVzXm,,
S0447,Eko Setiawan,2013-03-02,siswa,eko.setiawan1320@gmail.com,GfePnEMKDv,,
S0448,Erwin Tarigan,2013-05-10,siswa,erwin.tarigan8549@gmail.com,ajlpkxc4SS,,
S0449,Rina Nugraha,2014-02-10,siswa,rina.nugraha6911@gmail.com,OKWzxNKoQI,,
S0450,Dewi Lubis,2014-11-07,siswa,dewi.lubis2519@gmail.com,Ephi70k2OA,,
S0451,Kurniawan Rahayu,2013-06-05,siswa,kurniawan.rahayu7354@gmail.com,YVb9JN6CLx,,
S0452,Joko Pratama,2014-11-09,siswa,joko.pratama3940@gmail.com,SjDdUbzlqO,,
S0453,Taufik Sari,2014-08-22,siswa,taufik.sari7490@gmail.com,kJZ7HooCws,,
S0454,Indra Wijaya,2013-03-15,siswa,indra.wijaya3334@gmail.com,yCIrmxPWDK,,
S0455,Irfan Siregar,2014-10-08,siswa,irfan.siregar43@gmail.com,qfaSvrdY6q,,
S0456,Chandra Situmorang,2013-03-14,siswa,chandra.situmorang9615@gmail.com,jgX1QJGUYp,,
S0457,Indah Kusuma,2013-02-24,siswa,indah.kusuma2221@gmail.com,ayJFz3OtSr,,
S0458,Kurniawan Gunawan,2014-09-03,siswa,kurniawan.gunawan1151@gmail.com,7dW5DkJPC8,,
S0459,Endah Wulandari,2013-08-18,siswa,endah.wulandari8274@gmail.com,nqnPdOiq1X,,
S0460,Dedi Gunawan,2014-03-12,siswa,dedi.gunawan9407@gmail.com,dj7vqP5WTk,,
S0461,Nina Setiawan,2013-12-11,siswa,nina.setiawan4388@gmail.com,V8oh7Sjzz9,,
S0462,Rian Sari,2014-03-27,siswa,rian.sari5652 at gmail.com,O3FGsguajW,,
S0463,Suryo Sembiring,N/A,siswa,suryo.sembiring2949@gmail.com,GXe6A4vrLm,,
S0464,Fajar Sari,2014-12-03,siswa,fajar.sari3847@gmail.com,Dias4dlk0n,,
S0465,Hafiz Lubis,2014-01-06,siswa,hafiz.lubis2234@gmail.com,Kn3X0ncrVY,,
S0466,Ahmad Wulandari,2013-10-16,siswa,ahmad.wulandari5156@gmail.com,mnJdR69USP,,
S0467,Farhan Saputra,2014-05-06,siswa,farhan.saputra2897@gmail.com,2sMXlxBcm2,,
S0468,Farhan Saputra,2014-11-01,siswa,farhan.saputra5081@gmail.com,XL4DrpBvB7,,
S0469,Indah Rahayu,2014-09-20,siswa,indah.rahayu2129@gmail.com,1QleQgrO3W,,
S0470,Gilang Harahap,2013-12-20,siswa,gilang.harahap5864@gmail.com,CFqsrfmeMU,,
S0471,Aditya Harahap,2013-11-19,???,aditya.harahap6340@gmail.com,uNrtiUkAe2,,
S0472,Rina Pratama,2014-07-18,siswa,rina.pratama7265@gmail.com,ettnZGmYCB,,
S0473,Farhan Gunawan,2013-08-27,siswa,farhan.gunawan6145@gmail.com,WVNaibUjW0,,
S0474,Lestari Harahap,2014-05-26,siswa,lestari.harahap6457@gmail.com,w7wvA7Pbnn,,
S0475,Doni Hidayat,2013-02-27,,doni.hidayat3828@gmail.com,Fw8LVoskuD,,
S0476,Anisa Permana,2014-01-16,siswa,anisa.permana1478@gmail.com,5T2TpMG2S3,,
S0477,Citra Harahap,2014-03-16,siswa,citra.harahap53@gmail.com,RlL2mvmrRg,,
S0478,Oki Nasution,2013-02-18,siswa,oki.nasution1462@gmail.com,Th1hj3AYZN,,
S0479,Citra Ramadhan,2013-11-21,siswa,citra.ramadhan4652@gmail.com,STHqmQFXT4,,
S0480,Juli Lestari,2014-12-19,siswa,juli.lestari1719@gmail.com,cSAP5TW40S,,
S0481,Ahmad Pane,2014-11-19,siswa,ahmad.pane1601@gmail.com,yTUsuoy0Na,,
S0482,Nina Hidayatullah,2013-07-05,siswa,nina.hidayatullah7462@gmail.com,tmLFRABxI6,,
S0483,Maya Hidayatullah,2013-03-27,siswa,maya.hidayatullah1146@gmail.com,I0s4mFyGUC,,
S0484,Joko Siregar,2013-08-23,siswa,joko.siregar6548@gmail.com,6O6U0kicvi,,
S0485,Suryo Purnama,2014-09-12,siswa,suryo.purnama9018@gmail.com,PmYygszorj,,
S0486,Nugroho Rahayu,2014-12-26,siswa,nugroho.rahayu9216@gmail.com,IE78XvthC2,,
S0487,Hany Hidayatullah,2014-07-03,siswa,hany.hidayatullah5270@gmail.com,8A09oWbzfy,,
S0488,Fajar Nasution,2014-04-23,siswa,fajar.nasution6289@gmail.com,0ul1Ez1drS,,
S0489,Dedi Kusuma,2013-02-16,siswa,,QiT8JRLQTW,,
S0490,Chandra Simanjuntak,2014-03-04,siswa,chandra.simanjuntak879@gmail.com,uVWQd2cPDp,,
S0491,Lestari Purnama,2014-04-09,siswa,N/A,nzDqkJBko7,,
S0492,Oki Setiawan,2014-01-18,siswa,oki.setiawan3813@gmail.com,e9K7eGe4tf,,
S0493,Joko Sembiring,2013-04-14,siswa,joko.sembiring3466@gmail.com,xCTi1CGCCm,,
S0494,Fitri Kusuma,2014-08-16,siswa,fitri.kusuma9830@gmail.com,5wGMGuaFk5,,
S0495,Lukman Utami,2014-09-21,siswa,lukman.utami22@gmail.com,LqAUnQuT39,,
S0496,Nina Lubis,2014-12-14,siswa,nina.lubis5752@gmail.com,oYMJKXHjmV,,
S0497,Citra Hidayatullah,2013-04-12,siswa,citra.hidayatullah1776@gmail.com,Qwr6ji8ltu,,
S0498,Bambang Santoso,2014-07-05,siswa,bambang.santoso8317@gmail.com,FjPUlvP6EO,,
S0499,Aditya Tarigan,2013-05-28,siswa,aditya.tarigan3852@gmail.com,YldseSDnN9,,
S0500,Gilang Wijaya,2014-02-04,siswa,N/A,DUQ615Zoyp,,
S0501,Dewi Simanjuntak,2012-10-14,siswa,dewi.simanjuntak1927@gmail.com,PESBrkkqs8,,
S0502,Joko Kusuma,2011-07-17,siswa,joko.kusuma9810@gmail.com,P7Gif1A01h,,
S0503,Taufik Siregar,2010-08-06,siswa,taufik.siregar2107@gmail.com,41rzFsrmkP,,
S0504,Taufik Wijaya,2012-10-18,siswa,taufik.wijaya9539@gmail.com,2C1xKhykp4,,
S0505,Eko Nasution,2010-02-07,siswa,eko.nasution6228@gmail.com,OoS1k7U8gl,,
S0506,Rian Wijaya,2015-12-20,siswa,rian.wijaya5672@gmail.com,9BUqcqW3QN,,
S0507,Lani Siregar,2012-01-10,siswa,lani.siregar6629@gmail.com,atiCMAjCYQ,,
S0508,Siti Saputra,2011-06-28,siswa,siti.saputra6008@gmail.com,gZZQvnOfkp,,
S0509,Andi Simanjuntak,2014-05-31,siswa,andi.simanjuntak3379@gmail.com,lDt0FZn7Fv,,
S0510,???,2012-11-14,siswa,dewi.lestari3928@gmail.com,Wm0ZCuNcyN,,
S0511,Lani Lestari,2015-04-06,siswa,lani.lestari9114@gmail.com,W0CDnfYEEQ,,
S0512,Indah Simanjuntak,2010-10-12,siswa,indah.simanjuntak3658@gmail.com,BaN01AL3bC,,
S0513,Guntur Saputra,2012-09-06,siswa,N/A,8x41PeiDen,,
S0514,Indah Kusuma,2011-01-13,???,indah.kusuma1296@gmail.com,VLSe3N1Fnu,,
S0515,Sari Hidayat,2014-12-13,siswa,sari.hidayat6256@gmail.com,DbdZJ50dHk,,
S0516,Maya Kusuma,2015-05-05,siswa,maya.kusuma4164@gmail.com,XC4nv7DRRc,,
S0517,Agus Kusuma,2015-05-02,siswa,agus.kusuma2550@gmail.com,ps5vtln6eP,,
S0518,Eko Nasution,2014-08-04,siswa,eko.nasution9169@gmail.com,ouzHJ9AWeh,,
S0519,Rian Gunawan,2010-09-27,siswa,rian.gunawan8779@gmail.com,9DzLjoCDUC,,
S0520,Siti Saputra,2010-03-21,siswa,siti.saputra4068@gmail.com,RVRCTI5ZeY,,
S0521,Rian Hidayat,2010-10-18,siswa,rian.hidayat2900@gmail.com,7CyjPOTI0I,,
S0522,Lani Nasution,,siswa,lani.nasution8530@gmail.com,81vhvFP5f5,,
S0523,Andi Ginting,2010-01-18,siswa,andi.ginting3097@gmail.com,hgotqgbS8U,,
S0524,???,2013-07-26,siswa,eko.hidayat3329@gmail.com,hapYFWgyL0,,
S0525,Andi Kusuma,2012-06-03,siswa,andi.kusuma9553@gmail.com,ltD18ZvuwB,,
S0526,Rina Kusuma,2015-01-18,siswa,rina.kusuma7031@gmail.com,WNabsMoHm7,,
S0527,Taufik Gunawan,2011-04-28,siswa,taufik.gunawan4015@gmail.com,5YLRfyLvxa,,
S0528,Sari Gunawan,2015-08-28,siswa,sari.gunawan4562@gmail.com,zgVpICxS69,,
S0529,Indah Simanjuntak,2014-01-19,siswa,indah.simanjuntak5475@gmail.com,8nUDvzOvGR,,
S0530,Siti Hidayat,2011-12-28,siswa,siti.hidayat7924@gmail.com,mhHYs0WpTT,,
S0531,Lani Lestari,2010-08-22,siswa,lani.lestari5392@gmail.com,uv9sj3Mw6O,,
S0532,Rina Siregar,2013-04-25,siswa,rina.siregar5765@gmail.com,XCGh66ve4o,,
S0533,Guntur Hidayat,2014-03-30,siswa,guntur.hidayat7756@gmail.com,G7Sdhyo5Qj,,
S0534,Sari Pratama,2010-04-05,siswa,sari.pratama4258@gmail.com,EVfcfREi0v,,
S0535,Taufik Siregar,2012-09-01,siswa,taufik.siregar3424@gmail.com,Zv3x9WYzLj,,
S0536,Rina Saputra,2014-10-05,siswa,rina.saputra2755@gmail.com,y8yBjJ2DA6,,
S0537,Guntur Pratama,2010-01-24,siswa,guntur.pratama5062@gmail.com,pwrn6LMMAi,,
S0538,Indah Pratama,2012-02-04,siswa,indah.pratama1041@gmail.com,4mduFrH6q4,,
S0539,Eko Ginting,2010-07-06,siswa,eko.ginting7292@gmail.com,wglwuh81Ky,,
S0540,Lani Kusuma,2015-02-06,siswa,lani.kusuma3898@gmail.com,S3LlLXH8ne,,
S0541,Sari Simanjuntak,2015-11-04,siswa,sari.simanjuntak9252@gmail.com,VfmeeGbJft,,
S0542,Joko Pratama,2015-07-20,siswa,joko.pratama1533@gmail.com,dU1WqKEX2v,,
S0543,Taufik Ginting,2011-01-26,siswa,taufik.ginting1040@gmail.com,d0IKR3qwsq,,
S0544,Rian Ginting,2012-01-10,siswa,rian.ginting4243@gmail.com,OEwcHn1tLR,,
S0545,Agus Nasution,2014-11-11,siswa,agus.nasution9413@gmail.com,MzeKXniRX4,,
S0546,Eko Gunawan,2012-08-02,siswa,eko.gunawan3278@gmail.com,MgDjipKy58,,
S0547,Joko Pratama,2011-08-31,siswa,joko.pratama5344@gmail.com,4WDdP9lEyv,,
S0548,Guntur Siregar,2011-12-10,siswa,guntur.siregar1318@gmail.com,IWOb6zIafg,,
S0549,Rina Nasution,2013-12-12,siswa,rina.nasution5697@gmail.com,Y2KTe9tWcy,,
S0550,Budi Lestari,2013-12-20,student,budi.lestari3572@gmail.com,f9cb1RODN9,,
S0551,,2015-11-02,siswa,lani.wijaya5909@gmail.com,CK1gvdCy74,,
S0552,Eko Lestari,2012-07-08,siswa,eko.lestari7423@gmail.com,QInJv6IfgA,,
S0553,Andi Hidayat,2014-10-31,siswa,andi.hidayat3805@gmail.com,BBZzvAPUNV,,
S0554,Budi Saputra,2015-02-12,siswa,budi.saputra2911@gmail.com,UcdkAFOo0v,,
S0555,Siti Hidayat,2014-10-26,siswa,siti.hidayat6769@gmail.com,NpkYLrYFIg,,
S0556,Siti Wijaya,2011-05-10,siswa,siti.wijaya8774@gmail.com,obytHAkFLI,,
S0557,Maya Wijaya,2013-01-24,siswa,maya.wijaya9253@gmail.com,f55i84TgUL,,
S0558,Rian Wijaya,2012-05-31,siswa,rian.wijaya8258@gmail.com,tZYzdIMaoy,,
S0559,Lani Lestari,2010-03-21,siswa,lani.lestari8745@gmail.com,87pTeDo12H,,
S0560,Agus Hidayat,2015-08-23,siswa,agus.hidayat9042@gmail.com,fNlW4p3JHa,,
S0561,Budi Kusuma,2012-05-24,siswa,budi.kusuma1597@gmail.com,rYJ2S1QAas,,
S0562,Joko Nasution,2012-01-21,,joko.nasution7991@gmail.com,8oj201sEou,,
S0563,Andi Gunawan,2012-06-10,siswa,andi.gunawan6309@gmail.com,2FGswkgChB,,
S0564,Siti Pratama,2013-03-07,siswa,siti.pratama9893@gmail.com,3yDH3nekdG,,
S0565,Indah Simanjuntak,2014-12-29,siswa,indah.simanjuntak6051@gmail.com,LuWzYvpccv,,
S0566,Joko Lestari,2012-02-09,siswa,joko.lestari3927@gmail.com,U9iYbsTDm8,,
S0567,Sari Ginting,07/07/11,siswa,sari.ginting1540@gmail.com,qGThR9BolG,,
S0568,Rian Hidayat,2015-04-15,siswa,rian.hidayat5493@gmail.com,lOROHzGPSX,,
S0569,Joko Ginting,2012-01-06,siswa,joko.ginting6041@gmail.com,Ncw68kvGp8,,
S0570,Sari Siregar,N/A,siswa,sari.siregar1974@gmail.com,3bZYDDhZld,,
S0571,Rian Wijaya,2010-07-27,siswa,rian.wijaya9979@gmail.com,dCIgtIFwSD,,
S0572,Dewi Wijaya,2011-12-25,siswa,dewi.wijaya5095@gmail.com,am5bmBcmRF,,
S0573,Maya Lestari,2011-01-15,siswa,maya.lestari9065@gmail.com,UZ7vZRpXKb,,
S0574,Lani Ginting,2013-09-06,siswa,lani.ginting8283@gmail.com,58aw1hod8a,,
S0575,BUDI NASUTION,2014-04-05,siswa,budi.nasution4039@gmail.com,UNnoqac4kB,,
S0576,Maya Kusuma,2015-09-17,siswa,maya.kusuma1906@gmail.com,4vggOWb6YL,,
S0577,Sari Ginting,2012-11-20,siswa,sari.ginting5722@gmail.com,8AiU4DGbit,,
S0578,Andi Hidayat,2013-09-19,siswa,andi.hidayat4017@gmail.com,1bCQy4058C,,
S0579,Indah Kusuma,2011-09-17,siswa,indah.kusuma1504@gmail.com,UjP3hlAIuH,,
S0580,Eko Siregar,2015-09-07,siswa,eko.siregar1064@gmail.com,Flo8w1pH8a,,
S0581,Joko Wijaya,2015-12-23,siswa,joko.wijaya9235@gmail.com,joxMPuz6Hz,,
S0582,Guntur Hidayat,2010-08-29,siswa,guntur.hidayat9958@gmail.com,EGIkJDX4hJ,,
S0583,Taufik Kusuma,2011-05-14,siswa,taufik.kusuma5192@gmail.com,FJ4FXycS8e,,
S0584,Dewi Gunawan,2015-04-26,siswa,dewi.gunawan8001@gmail.com,zXBuHNrZPL,,
S0585,Dewi Ginting,2010-12-16,siswa,dewi.ginting9012@gmail.com,tvcXtPByGl,,
S0586,Budi Hidayat,2012-07-08,siswa,budi.hidayat5328@gmail.com,lLyh8N0LlM,,
S0587,Rian Nasution,2015-03-12,siswa,rian.nasution9920@gmail.com,NnGtSAAxMx,,
S0588,???,2012-10-07,siswa,guntur.gunawan4284@gmail.com,DSKS5dE6HJ,,
S0589,Eko Gunawan,2014-05-06,siswa,eko.gunawan4751@gmail.com,iNWcTUmlsN,,
S0590,Eko Saputra,2012-05-23,siswa,eko.saputra4746@gmail.com,QziRqytuIY,,
S0591,Rian Nasution,2010-06-24,siswa,rian.nasution5137@gmail.com,1HxUc3Cvie,,
S0592,Siti Wijaya,2012-06-06,siswa,siti.wijaya7734@gmail.com,SNxUuC85hK,,
S0593,Indah Pratama,2012-07-05,siswa,indah.pratama1825@gmail.com,N/A,,
S0594,Sari Pratama,2010-03-08,siswa,sari.pratama1232@gmail.com,NBy2QmUW1d,,
S0595,JOKO SIMANJUNTAK,2010-11-27,siswa,joko.simanjuntak6264@gmail.com,Rw0eJ3FXxj,,
S0596,Eko Ginting,2013-10-27,siswa,eko.ginting5830@gmail.com,lucWq5UfnQ,,
S0597,Agus Wijaya,2014-06-30,siswa,agus.wijaya4325@gmail.com,T7qqZEXeHU,,
S0598,Siti Gunawan,2012-07-03,siswa,siti.gunawan6599@gmail.com,clUdKcrYh4,,
S0599,Budi Kusuma,2010-03-31,siswa,budi.kusuma5575@gmail.com,kQTRBNKp8T,,
S0600,Agus Gunawan,2015-05-12,siswa,agus.gunawan3549@gmail.com,bQhyeeu8vH,,
S0601,Maya Wijaya,2014-06-26,siswa,maya.wijaya6052@gmail.com,YweqNV4l9L,,
S0602,Indah Saputra,2013-11-11,siswa,indah.saputra4658@gmail.com,nyY1IwPPTp,,
S0603,Dewi Gunawan,,siswa,dewi.gunawan5580@gmail.com,9ekbsPUVT8,,
S0604,Agus Hidayat,2013-11-05,siswa,agus.hidayat5837@gmail.com,b98NEgcoQN,,
S0605,Budi Saputra,2010-11-08,siswa,budi.saputra3218@gmail.com,Oh9xmu7bhS,,
S0606,Guntur Hidayat,2012-05-08,siswa,guntur.hidayat3921@gmail.com,mE3I5JOMeE,,
S0607,Agus Gunawan,2013-07-30,siswa,agus.gunawan9787@gmail.com,w8FDOCIudJ,,
S0608,Rina Gunawan,2015-02-19,siswa,rina.gunawan3052@gmail.com,ysM17NrNEy,,
S0609,Indah Pratama,2015-01-23,siswa,indah.pratama4772@gmail.com,cXQuXKsSog,,
S0610,Andi Pratama,,siswa,andi.pratama4292@gmail.com,roqp7mTtUo,,
S0611,Dewi Pratama,2015-03-15,siswa,dewi.pratama3087@gmail.com,OatbloYmsk,,
S0612,Joko Wijaya,2010-01-20,siswa,joko.wijaya7861@gmail.com,lth5L6hzFy,,
S0613,Rian Hidayat,2011-07-04,siswa,rian.hidayat5401@gmail.com,L7OdThNWev,,
S0614,Dewi Gunawan,2012-07-14,siswa,dewi.gunawan8838@gmail.com,Ilz7MdMrlN,,
S0615,Rina Lestari,2011-01-17,siswa,rina.lestari1731@gmail.com,y9UOSEsw78,,
S0616,Rina Kusuma,2014-02-07,siswa,,OXPEOlsJnW,,
S0617,Taufik Kusuma,2013-11-15,siswa,taufik.kusuma4583@gmail.com,y2sEG4y2GA,,
S0618,Taufik Ginting,2014-08-30,siswa,taufik.ginting1895@gmail.com,NCKpGZ86p7,,
S0619,Indah Wijaya,2010-06-03,siswa,indah.wijaya5578@gmail.com,GEPe0rfOCo,,
S0620,Guntur Hidayat,2010-03-23,siswa,guntur.hidayat3989@gmail.com,,,
S0621,Rina Siregar,2013-02-12,siswa,rina.siregar1837@gmail.com,vPrXnTymGq,,
S0622,Maya Wijaya,2013-05-08,siswa,maya.wijaya7940@gmail.com,n5XteC4t20,,
S0623,Siti Pratama,2013-02-08,,siti.pratama1374@gmail.com,YsB3TRkXiO,,
S0624,Agus Saputra,2014-11-23,siswa,agus.saputra2682@gmail.com,2SAIMs6FAE,,
S0625,Agus Siregar,2012-02-02,siswa,,8aTQewN8U9,,
S0626,Rina Saputra,2011-05-13,siswa,rina.saputra9362@gmail.com,21WgoBnrQI,,
S0627,Sari Ginting,2015-04-01,siswa,sari.ginting8397@gmail.com,J9yPkabxAx,,
S0628,Maya Ginting,2015-03-09,siswa,maya.ginting8901@gmail.com,Wv7BDjuUWL,,
S0629,Andi Kusuma,2012-04-26,???,andi.kusuma2964@gmail.com,DrkAoWGZg2,,
S0630,Lani Hidayat,2015-12-15,siswa,lani.hidayat5523@gmail.com,UN00Lz23zT,,
S0631,Rina Pratama,2012-11-29,siswa,rina.pratama5461@gmail.com,sjEi1jXZDf,,
S0632,Indah Gunawan,N/A,siswa,indah.gunawan5667@gmail.com,luEmy4Sqh7,,
S0633,Dewi Wijaya,2014-04-02,siswa,dewi.wijaya5547@gmail.com,tgYTR3zPrs,,
S0634,Agus Pratama,2011-10-28,siswa,agus.pratama6651@gmail.com,h3qu237Slo,,
S0635,Siti Gunawan,2011-07-26,siswa,siti.gunawan3977@gmail.com,G9AaIUHhNf,,
S0636,Agus Siregar,2012-07-14,siswa,agus.siregar9189@gmail.com,WHYDtRu7Pi,,
S0637,Rina Ginting,2015-04-18,siswa,rina.ginting4009@gmail.com,CVGpL6aUPa,,
S0638,Eko Wijaya,2010-07-15,siswa,eko.wijaya6717@gmail.com,rsYZcFDsKP,,
S0639,Guntur Wijaya,2015-10-05,siswa,guntur.wijaya4667@gmail.com,dQhxpqW2JP,,
S0640,Lani Nasution,2013-05-19,siswa,lani.nasution9245@gmail.com,CQeGi5ehvd,,
S0641,Dewi Siregar,2012-10-31,siswa,dewi.siregar7339@gmail.com,Nz3K9n3aMI,,
S0642,Indah Pratama,2010-01-04,siswa,indah.pratama7725@gmail.com,MYgruQpPeW,,
S0643,Agus Siregar,2010-09-05,siswa,agus.siregar5259@gmail.com,zjjOZiUbhY,,
S0644,Indah Gunawan,2013-12-25,siswa,indah.gunawan7762@gmail.com,ctSh9StVy8,,
S0645,Indah Nasution,2015-02-10,siswa,indah.nasution2333@gmail.com,JRLpHEul9B,,
S0646,Taufik Saputra,2013-10-14,siswa,taufik.saputra5935@gmail.com,GEwUB34jyS,,
S0647,Rian Ginting,2012-04-14,siswa,rian.ginting6812@gmail.com,bU8WFnZ6CS,,
S0648,Andi Pratama,2011-02-14,siswa,andi.pratama6981@gmail.com,Ywf1EwpiaR,,
S0649,Andi Saputra,2014-09-02,siswa,andi.saputra8156@gmail.com,IBqE68pclY,,
S0650,Eko Kusuma,2012-08-19,siswa,eko.kusuma9299@gmail.com,N/A,,
S0651,Rina Wijaya,2015-07-25,siswa,rina.wijaya3118@gmail.com,StP5es3Dst,,
S0652,Siti Ginting,2013-03-03,siswa,siti.ginting9969@gmail.com,HF4FlCndGs,,
S0653,Lani Hidayat,2012-10-27,siswa,lani.hidayat2920@gmail.com,N/A,,
S0654,Taufik Lestari,2012-04-16,siswa,taufik.lestari2333@gmail.com,UXvxXB47Rl,,
S0655,Rina Pratama,2014-11-02,siswa,rina.pratama6217@gmail.com,jgOVU1rBQo,,
S0656,Indah Wijaya,2011-09-17,siswa,indah.wijaya1138@gmail.com,GnWM3ftyQJ,,
S0657,Rian Pratama,2010-04-12,siswa,rian.pratama7374@gmail.com,ZQ8mjZWQa3,,
S0658,Guntur Kusuma,2011-11-20,siswa,guntur.kusuma4727@gmail.com,05nVU52zeb,,
S0659,Lani Hidayat,2012-10-03,siswa,lani.hidayat5349@gmail.com,0grTqKtPRw,,
S0660,Rian Hidayat,2013-02-20,siswa,rian.hidayat2749@gmail.com,???,,
S0661,Indah Gunawan,2014-12-27,mhs,indah.gunawan8515@gmail.com,ukMJVb0VMe,,
S0662,Eko Simanjuntak,2011-03-19,siswa,eko.simanjuntak9728@gmail.com,bmqel5Hlwc,,
S0663,???,2012-09-21,siswa,joko.nasution6614@gmail.com,9koYweYWvA,,
S0664,Maya Lestari,2011-07-15,siswa,maya.lestari9315@gmail.com,GqWAmXRi37,,
S0665,Rina Ginting,2012-02-23,siswa,rina.ginting6791@gmail.com,wfAwfHr6ul,,
S0666,Siti Siregar,2012-12-14,siswa,siti.siregar5800@gmail.com,hdfVntHKJu,,
S0667,Rian Siregar,2012-10-10,siswa,rian.siregar4823 at gmail.com,ddunC9LlE8,,
S0668,Dewi Pratama,2012-12-01,siswa,dewi.pratama9091@gmail.com,NJnUB1dDB0,,
S0669,Dewi Gunawan,2012-11-02,siswa,dewi.gunawan6342@gmail.com,nOfeVQXs2v,,
S0670,Dewi Wijaya,2015-09-25,siswa,dewi.wijaya5218@gmail.com,NQLkD2McFE,,
S0671,Agus Wijaya,2011-11-05,siswa,agus.wijaya6170@gmail.com,HbFTNUDTpc,,
S0672,Maya Simanjuntak,2012-12-25,???,maya.simanjuntak7769@gmail.com,3G55qLknRU,,
S0673,Maya Ginting,2011-07-18,siswa,,ItckI2rEIX,,
S0674,Sari Wijaya,2012-07-25,siswa,sari.wijaya3578@gmail.com,oXKy0zmKjv,,
S0675,Rian Nasution,2014-11-24,siswa,rian.nasution4130@gmail.com,bhLTl1uzoZ,,
S0676,Dewi Pratama,2012-08-09,siswa,dewi.pratama4545@gmail.com,ChxldRWzpq,,
S0677,Maya Simanjuntak,2014-09-28,siswa,maya.simanjuntak8853@gmail.com,qig5A1vIy8,,
S0678,Maya Wijaya,2013-03-11,siswa,,zlKXidPbj7,,
S0679,Guntur Simanjuntak,2013-01-29,siswa,guntur.simanjuntak1078@gmail.com,FQDD1nieco,,
S0680,Lani Nasution,2012-09-10,siswa,lani.nasution4146@gmail.com,4AovmhxZig,,
S0681,Dewi Kusuma,2013-12-30,siswa,dewi.kusuma4651@gmail.com,xC1iiS0SBZ,,
S0682,Rina Saputra,2011-03-09,siswa,rina.saputra2104@gmail.com,x4xvPT9txY,,
S0683,Dewi Lestari,2010-05-12,siswa,dewi.lestari6959@gmail.com,XNL2XSAUXK,,
S0684,Sari Hidayat,2011-05-03,siswa,sari.hidayat6654@gmail.com,pfzC7C09Gf,,
S0685,Siti Hidayat,2012-05-11,siswa,siti.hidayat5905@gmail.com,X0cevcQbFO,,
S0686,Lani Simanjuntak,2012-01-15,siswa,lani.simanjuntak5101@gmail.com,wbiz7Mqee7,,
S0687,Joko Gunawan,2011-08-13,???,joko.gunawan4855@gmail.com,oVYRRmZWWG,,
S0688,Indah Lestari,2010-11-10,siswa,indah.lestari9041@gmail.com,a2tyVT8KUq,,
S0689,Maya Lestari,2014-04-24,siswa,maya.lestari3676@gmail.com,67qPS3Ty29,,
S0690,Sari Saputra,2011-02-08,,sari.saputra5496@gmail.com,uzOaWgJvPs,,
S0691,Andi Lestari,2014-11-01,siswa,andi.lestari1713@gmail.com,F0a3HBQjDH,,
S0692,Budi Kusuma,2013-01-03,siswa,budi.kusuma3803@gmail.com,zpFgUAGD9q,,
S0693,Taufik Simanjuntak,2014-07-19,siswa,taufik.simanjuntak9511@gmail.com,zyx0vATdZm,,
S0694,Rina Nasution,2011-11-17,siswa,rina.nasution4925@gmail.com,rDSXz4lHNu,,
S0695,Budi Wijaya,2014-05-16,siswa,budi.wijaya2904@gmail.com,N/A,,
S0696,Agus Wijaya,2011-06-06,,agus.wijaya3903@gmail.com,HUt8s6rSJ5,,
S0697,Lani Pratama,2011-10-20,siswa,lani.pratama1803@gmail.com,BxpIVHK97l,,
S0698,Lani Saputra,2012-07-18,siswa,lani.saputra5219@gmail.com,XrS5BzdWcX,,
S0699,Rina Ginting,2011-08-03,siswa,rina.ginting5118@gmail.com,P8AJNkwe6K,,
S0700,Eko Kusuma,2010-10-23,siswa,eko.kusuma9979@gmail.com,r3gi7ArTW6,,
S0701,EKO KUSUMA,2015-06-05,siswa,eko.kusuma9328@gmail.com,vGexxTngll,,
S0702,Lani Saputra,2014-10-11,siswa,lani.saputra8439@gmail.com,I13iZav8gQ,,
S0703,Lani Ginting,2013-02-16,siswa,lani.ginting6713@gmail.com,j7240o8GD3,,
S0704,Dewi Gunawan,2010-10-13,siswa,dewi.gunawan1122@gmail.com,33IVJM1GVR,,
S0705,Siti Kusuma,2014-10-19,siswa,siti.kusuma7866@gmail.com,cKfirWv0NV,,
S0706,Indah Saputra,2013-01-07,siswa,indah.saputra4885@gmail.com,nLGRJU2WW9,,
S0707,Taufik Ginting,2010-05-22,siswa,taufik.ginting6986@gmail.com,07jeiWKgLm,,
S0708,Agus Saputra,2011-05-09,siswa,agus.saputra4771@gmail.com,rTd4GRHMUd,,
S0709,Rian Wijaya,2013-09-14,siswa,rian.wijaya5956@gmail.com,sytIfSRYMH,,
S0710,Eko Gunawan,2010-08-16,siswa,eko.gunawan1385@gmail.com,ajywDHuSfE,,
S0711,Maya Hidayat,15/05/10,siswa,maya.hidayat2682@gmail.com,ig83mq3QWi,,
S0712,Sari Ginting,2013-06-30,siswa,sari.ginting1131@gmail.com,Wy5Vf1NkYE,,
S0713,Dewi Nasution,2010-04-17,siswa,dewi.nasution6113@gmail.com,j42XghNqKL,,
S0714,Siti Simanjuntak,2011-03-16,siswa,siti.simanjuntak2900@gmail.com,ID3oQGy7rv,,
S0715,Sari Ginting,,siswa,sari.ginting4857@gmail.com,I4fqaFJjPq,,
S0716,Andi Gunawan,2012-11-17,siswa,andi.gunawan8471@gmail.com,5tjtvSMsTN,,
S0717,Budi Gunawan,2011-03-11,siswa,N/A,r0o5apGZSz,,
S0718,Andi Kusuma,2013-06-05,siswa,andi.kusuma6899@gmail.com,Igyv4LUgYz,,
S0719,Rina Kusuma,2010-05-26,siswa,rina.kusuma3590@gmail.com,RLykWN2nQO,,
S0720,Eko Gunawan,2014-02-15,siswa,eko.gunawan5602@gmail.com,Za4iF1g3CC,,
S0721,Agus Pratama,2015-10-28,siswa,agus.pratama7983@gmail.com,3A1TGKxSki,,
S0722,Maya Simanjuntak,2011-06-19,siswa,maya.simanjuntak6460 at gmail.com,T9QTaDuhLt,,
S0723,Sari Siregar,10/02/15,siswa,sari.siregar2870@gmail.com,L25laL8tpN,,
S0724,Rina Gunawan,2014-11-13,siswa,rina.gunawan3066@gmail.com,,,
S0725,,2014-09-05,siswa,guntur.nasution4193@gmail.com,godd5WXWH7,,
S0726,???,2011-12-31,siswa,indah.nasution5163@gmail.com,R5kJ49lncE,,
S0727,Joko Nasution,2014-06-10,siswa,joko.nasution6986@gmail.com,mOSui8xY20,,
S0728,Rian Gunawan,2013-08-28,siswa,rian.gunawan8548@gmail.com,LDJEcWNoW3,,
S0729,Maya Gunawan,2012-04-27,siswa,maya.gunawan3087@gmail.com,YTnEUc4L0c,,
S0730,Siti Wijaya,2014-11-28,siswa,siti.wijaya2703@gmail.com,OooEDsr76g,,
S0731,Agus Kusuma,2012-06-10,siswa,agus.kusuma2279@gmail.com,glICyqUUet,,
S0732,Lani Lestari,2015-04-18,siswa,lani.lestari8446@gmail.com,AqCbnIK22d,,
S0733,Andi Hidayat,2015-01-22,,andi.hidayat3526@gmail.com,m2XETRXIzb,,
S0734,Budi Lestari,2013-12-10,siswa,budi.lestari6111@gmail.com,xoJVO6zKqE,,
S0735,Guntur Nasution,2014-09-21,siswa,guntur.nasution2568@gmail.com,aqdXQp8gSh,,
S0736,Rian Ginting,2013-03-06,siswa,rian.ginting4680@gmail.com,qWmIH1qx8D,,
S0737,Agus Siregar,2015-10-31,siswa,agus.siregar3583@gmail.com,FGiCQYC2ss,,
S0738,Lani Kusuma,2011-02-22,siswa,lani.kusuma2300@gmail.com,506xG1ibfB,,
S0739,Agus Gunawan,2013-01-27,siswa,agus.gunawan5601@gmail.com,b1kBatah15,,
S0740,Joko Pratama,2013-11-15,siswa,joko.pratama3127@gmail.com,krUEGcoPJt,,
S0741,Dewi Ginting,2010-08-05,siswa,dewi.ginting5718@gmail.com,WROGSPJj4V,,
S0742,,2014-02-03,siswa,maya.nasution7642@gmail.com,T7FA2gQ9aB,,
S0743,Indah Siregar,2015-11-29,siswa,indah.siregar9709@gmail.com,76MNdySTBX,,
S0744,Lani Ginting,2015-01-12,siswa,lani.ginting7415@gmail.com,AA2VhgPXhI,,
S0745,Rian Ginting,2012-09-04,siswa,rian.ginting6528@gmail.com,qfKzdBrIeS,,
S0746,Guntur Gunawan,2010-05-14,siswa,guntur.gunawan5781 at gmail.com,Ol0DIzTJgX,,
S0747,Taufik Gunawan,2015-06-06,siswa,taufik.gunawan9788@gmail.com,nXYjaRQz8V,,
S0748,Maya Pratama,2013-04-27,siswa,maya.pratama4243@gmail.com,18JkcE4K4c,,
S0749,Joko Ginting,2011-03-06,siswa,joko.ginting3433@gmail.com,t0z2u2IWFu,,
S0750,Agus Lestari,13/05/11,siswa,agus.lestari1142@gmail.com,pgUaq9QDos,,
S0751,,2012-11-13,siswa,dewi.pratama4952@gmail.com,K1FXN5T6ij,,
S0752,Rina Gunawan,2013-09-16,siswa,rina.gunawan8370@gmail.com,,,
S0753,Lani Kusuma,2014-01-20,siswa,lani.kusuma9778@gmail.com,BzaZHuT8Fp,,
S0754,Rian Lestari,2013-10-02,,rian.lestari4584@gmail.com,6H9nDX3GAs,,
S0755,Andi Simanjuntak,2012-07-14,siswa,andi.simanjuntak9091@gmail.com,ygaqggpg8s,,
S0756,Joko Gunawan,2015-11-12,siswa,joko.gunawan1665@gmail.com,E3VoUpDEHo,,
S0757,Sari Ginting,2011-08-03,siswa,sari.ginting2238@gmail.com,BByPUiDXsP,,
S0758,Sari Siregar,2013-06-24,siswa,sari.siregar8473@gmail.com,O71Tk7F3go,,
S0759,Budi Gunawan,2011-06-09,siswa,budi.gunawan8527@gmail.com,FAlCIyNhZX,,
S0760,Eko Siregar,2012-12-16,siswa,eko.siregar9667@gmail.com,YROK4wNDXl,,
S0761,Rian Wijaya,2015-04-08,siswa,rian.wijaya6000@gmail.com,KKLsO6x81K,,
S0762,Dewi Wijaya,2015-08-28,siswa,dewi.wijaya2917@gmail.com,CTS4LJbHwM,,
S0763,Budi Simanjuntak,2010-01-05,siswa,budi.simanjuntak4598@gmail.com,VxXiBSNfa1,,
S0764,Rian Hidayat,2012-01-12,siswa,rian.hidayat2506@gmail.com,DpdYfd1kZ4,,
S0765,Indah Wijaya,2010-04-14,siswa,indah.wijaya9815@gmail.com,qFtUpcHnwR,,
S0766,Agus Nasution,2010-02-16,siswa,agus.nasution1593@gmail.com,9PAqF0xpf5,,
S0767,Budi Gunawan,2015-10-18,siswa,budi.gunawan9190@gmail.com,YeJsZhTuMr,,
S0768,Agus Simanjuntak,2010-05-17,siswa,agus.simanjuntak2575@gmail.com,8crYGn7uLA,,
S0769,Eko Simanjuntak,2014-11-05,siswa,eko.simanjuntak2055@gmail.com,R5SJ85noSD,,
S0770,Joko Ginting,2011-10-16,siswa,joko.ginting5005@gmail.com,bmQRSewaW3,,
S0771,Taufik Gunawan,2013-02-08,siswa,taufik.gunawan5364@gmail.com,2JqGHBktfe,,
S0772,Indah Saputra,2010-05-08,siswa,indah.saputra5538@gmail.com,6dZJG334ZD,,
S0773,Siti Wijaya,2013-01-10,siswa,siti.wijaya8887@gmail.com,4nKZLY705u,,
S0774,Budi Hidayat,2012-08-08,siswa,budi.hidayat7979@gmail.com,hOf8iB4Msx,,
S0775,Eko Hidayat,2012-06-18,siswa,eko.hidayat8732@gmail.com,j4WEYE4kwK,,
S0776,Agus Nasution,2011-08-13,siswa,agus.nasution9696@gmail.com,xd8FlHSolq,,
S0777,Indah Wijaya,2015-05-20,siswa,indah.wijaya7797@gmail.com,OX0VJBAqcc,,
S0778,Siti Saputra,2012-02-26,,siti.saputra4934@gmail.com,5EG3Y4yF1r,,
S0779,Taufik Simanjuntak,2011-04-19,siswa,taufik.simanjuntak8676@gmail.com,AhzvTaEX7H,,
S0780,Rian Pratama,2012-06-26,siswa,rian.pratama6895@gmail.com,C3DqF8A9En,,
S0781,Taufik Pratama,2012-05-12,siswa,taufik.pratama5414@gmail.com,D6scFlF7FU,,
S0782,Rina Nasution,2013-08-23,siswa,rina.nasution3091@gmail.com,YqsMm9Bn4g,,
S0783,Agus Lestari,2011-09-05,siswa,agus.lestari6772@gmail.com,8d2hw7W13J,,
S0784,Sari Nasution,2011-03-30,siswa,sari.nasution5338@gmail.com,l3tskGKCYn,,
S0785,Agus Hidayat,2014-10-11,siswa,agus.hidayat2778@gmail.com,N/A,,
S0786,Guntur Lestari,2013-08-18,siswa,guntur.lestari1064@gmail.com,Apllso9WXR,,
S0787,Andi Kusuma,2012-04-04,siswa,andi.kusuma6834@gmail.com,Eg7UI0i9m1,,
S0788,Siti Pratama,2012-04-01,siswa,siti.pratama5696@gmail.com,8AWsWjmwrz,,
S0789,Dewi Siregar,2010-11-12,siswa,dewi.siregar8838@gmail.com,,,
S0790,Taufik Ginting,2011-11-21,siswa,taufik.ginting5683@gmail.com,dG11KMqRDw,,
S0791,???,2014-05-03,siswa,dewi.ginting3425@gmail.com,yA0YztrXL8,,
S0792,Eko Siregar,2013-07-06,siswa,eko.siregar1660@gmail.com,LgwY62aJQX,,
S0793,Joko Kusuma,2011-01-16,siswa,joko.kusuma1360@gmail.com,LalSGT9Ama,,
S0794,Agus Wijaya,2010-05-08,siswa,agus.wijaya2702@gmail.com,bHUuD8Q4SS,,
S0795,Agus Saputra,2010-08-17,siswa,agus.saputra3148@gmail.com,pqddk6F1ZC,,
S0796,Joko Gunawan,2014-01-21,siswa,joko.gunawan1497@gmail.com,XTKDmL5DDe,,
S0797,Joko Kusuma,2012-07-02,siswa,joko.kusuma1566@gmail.com,9FBNX5IkMY,,
S0798,Taufik Hidayat,2013-09-21,siswa,taufik.hidayat7366@gmail.com,EesPZHG5Ol,,
S0799,Lani Lestari,2010-04-30,SISWA,lani.lestari1712@gmail.com,vnU1VItCBu,,
S0800,Dewi Wijaya,2014-04-13,siswa,dewi.wijaya2138@gmail.com,wwujpE63Vr,,
S0801,Budi Wijaya,23/02/14,siswa,budi.wijaya8410@gmail.com,G0DJX7ZjRo,,
S0802,Taufik Hidayat,2011-07-17,siswa,taufik.hidayat1955@gmail.com,mX2IxMCGTa,,
S0803,Indah Gunawan,2011-12-31,siswa,indah.gunawan1890@gmail.com,xMMiyHi3oD,,
S0804,Dewi Kusuma,2014-11-01,siswa,dewi.kusuma5456@gmail.com,KoSVc6w6SO,,
S0805,Eko Hidayat,2013-09-26,siswa,eko.hidayat8973@gmail.com,678gQZ3qJM,,
S0806,Dewi Nasution,2013-10-18,siswa,dewi.nasution4409@gmail.com,OpEKAXXTdU,,
S0807,Joko Ginting,2014-03-11,siswa,joko.ginting2414@gmail.com,l8vmc387s1,,
S0808,Joko Ginting,2015-08-10,siswa,joko.ginting4448@gmail.com,l5Fswa3SJu,,
S0809,Eko Saputra,2012-01-15,siswa,eko.saputra9696@gmail.com,n97U4IKd8j,,
S0810,Guntur Lestari,2014-07-24,siswa,guntur.lestari4575@gmail.com,90vNFJWU5o,,
S0811,Sari Pratama,2013-08-06,siswa,sari.pratama7230@gmail.com,ojkYoD5CaU,,
S0812,Budi Siregar,N/A,siswa,budi.siregar9517@gmail.com,7stE04vO2S,,
S0813,Eko Gunawan,2012-05-25,siswa,,J2z6dUJM13,,
S0814,Maya Saputra,2014-04-09,siswa,maya.saputra1916@gmail.com,CsikCrIwQU,,
S0815,Guntur Simanjuntak,2012-11-25,siswa,guntur.simanjuntak1435@gmail.com,1XDVKGFSkm,,
S0816,Rian Simanjuntak,2010-12-24,siswa,rian.simanjuntak1877@gmail.com,9dynatfEjx,,
S0817,Dewi Simanjuntak,2010-06-03,siswa,dewi.simanjuntak4897 at gmail.com,Y959XT3pob,,
S0818,Agus Hidayat,2010-03-29,siswa,agus.hidayat7761@gmail.com,kKLzYJ0dxd,,
S0819,Agus Simanjuntak,2012-07-11,siswa,N/A,BYsGHaekoD,,
S0820,Maya Nasution,2012-03-18,siswa,maya.nasution8684@gmail.com,iZ0RuwjLfL,,
S0821,Eko Wijaya,2011-07-29,siswa,eko.wijaya3465@gmail.com,WDq11U9RZr,,
S0822,Indah Hidayat,2014-09-09,siswa,indah.hidayat1448@gmail.com,yhBWdYkYZb,,
S0823,Maya Lestari,2010-05-30,siswa,maya.lestari6117@gmail.com,Y6HQUNtExW,,
S0824,???,2010-07-31,siswa,eko.saputra4045@gmail.com,JWMaOk83Bj,,
S0825,Taufik Nasution,2010-04-27,siswa,taufik.nasution1865@gmail.com,R9A44K9iuV,,
S0826,Guntur Gunawan,2011-06-02,siswa,guntur.gunawan3458@gmail.com,Vafk0Q95pd,,
S0827,Rina Kusuma,2014-06-23,siswa,rina.kusuma3637@gmail.com,EhBmllmeZ3,,
S0828,Agus Siregar,2014-06-08,,agus.siregar4080@gmail.com,Ep3P9YBf9c,,
S0829,Rina Saputra,2013-03-21,siswa,rina.saputra1785@gmail.com,tQp6VsLgWB,,
S0830,Joko Lestari,,siswa,joko.lestari6162@gmail.com,rY9dOxbQui,,
S0831,Agus Nasution,2010-08-07,siswa,agus.nasution2872@gmail.com,f6m7OFWT8T,,
S0832,Siti Gunawan,2015-02-12,???,siti.gunawan3533@gmail.com,Y2RWWySAwV,,
S0833,Siti Lestari,2010-03-25,siswa,siti.lestari3268@gmail.com,ZH6YBUOpG7,,
S0834,Andi Ginting,2010-02-22,siswa,andi.ginting2597@gmail.com,5d9ctqG3Y5,,
S0835,Budi Nasution,2010-10-14,siswa,budi.nasution3146@gmail.com,ApwvlVcfOt,,
S0836,Agus Gunawan,2014-07-24,siswa,agus.gunawan8047@gmail.com,buIaJRg7E2,,
S0837,Agus Ginting,2015-07-03,siswa,agus.ginting5008@gmail.com,u5XiTDiWVv,,
S0838,Agus Ginting,2013-07-14,siswa,agus.ginting5021@gmail.com,wHYeq8PqVl,,
S0839,Maya Ginting,2011-05-25,siswa,maya.ginting6193@gmail.com,H1rjLuLCXa,,
S0840,Siti Gunawan,2015-06-15,siswa,siti.gunawan9759@gmail.com,ETtnxTBIbO,,
S0841,Rian Nasution,2014-12-12,siswa,rian.nasution4207@gmail.com,l8nMjpMn6j,,
S0842,Lani Nasution,2013-06-06,siswa,lani.nasution1306@gmail.com,EWKsQTy3US,,
S0843,Andi Gunawan,2011-02-11,siswa,andi.gunawan2837 at gmail.com,bTG4rF3R1p,,
S0844,Rina Nasution,2014-04-07,siswa,rina.nasution7668@gmail.com,N/A,,
S0845,Sari Hidayat,2014-03-27,siswa,sari.hidayat1213@gmail.com,GSueX7lDuw,,
S0846,Maya Gunawan,2015-11-09,siswa,maya.gunawan1325@gmail.com,k4oHXCjEfW,,
S0847,Sari Kusuma,2011-09-05,siswa,sari.kusuma2727@gmail.com,wzIp4qqR5r,,
S0848,Agus Hidayat,2015-11-28,siswa,agus.hidayat7312@gmail.com,2JsordzSRE,,
S0849,Joko Simanjuntak,2011-04-27,siswa,joko.simanjuntak1468@gmail.com,ewuoLIT4Sj,,
S0850,Lani Nasution,2010-11-22,siswa,lani.nasution9115@gmail.com,PDPPXG1nNn,,
S0851,Joko Nasution,2013-08-08,siswa,joko.nasution8651@gmail.com,iO8UD5nllR,,
S0852,Agus Hidayat,2015-11-06,siswa,agus.hidayat5641@gmail.com,6987VfqqyC,,
S0853,Siti Siregar,2014-12-10,siswa,siti.siregar3358@gmail.com,GH0DEsFpZT,,
S0854,Taufik Pratama,2014-09-17,siswa,taufik.pratama6951@gmail.com,WJW6FfToYw,,
S0855,Dewi Wijaya,10/11/12,siswa,dewi.wijaya8265@gmail.com,ZLAx2sd3rK,,
S0856,Budi Ginting,2015-05-04,siswa,budi.ginting3901@gmail.com,DLZX0XrSdt,,
S0857,Rian Wijaya,2011-12-22,???,rian.wijaya7581@gmail.com,kSFnNjZtvQ,,
S0858,Siti Kusuma,2011-04-12,mhs,siti.kusuma3264@gmail.com,dcj6vGevG2,,
S0859,Taufik Ginting,2013-05-02,siswa,taufik.ginting2113@gmail.com,LuzyyAlZtn,,
S0860,Budi Ginting,2011-04-30,siswa,budi.ginting7541@gmail.com,LQe9HvEYTC,,
S0861,Rian Wijaya,2012-09-10,siswa,rian.wijaya6651@gmail.com,wkm6p1yWFQ,,
S0862,Budi Ginting,2013-05-19,student,budi.ginting3626@gmail.com,u8Vt6dTWji,,
S0863,Eko Wijaya,2014-12-15,siswa,eko.wijaya1628@gmail.com,emO0QF531C,,
S0864,Maya Wijaya,2010-10-08,siswa,maya.wijaya8214@gmail.com,lFPPlnkhzJ,,
S0865,Rina Nasution,2011-03-24,siswa,,oGsyUUnm57,,
S0866,Budi Hidayat,2015-10-05,siswa,budi.hidayat5919@gmail.com,qgiOoZbXmd,,
S0867,Dewi Hidayat,2011-11-09,siswa,dewi.hidayat7572@gmail.com,JjCGrvaKiS,,
S0868,Sari Wijaya,2010-06-14,siswa,sari.wijaya5246@gmail.com,VhoFR7iryz,,
S0869,Rian Saputra,2011-06-07,siswa,rian.saputra5087@gmail.com,YuyUH5Ie0E,,
S0870,Dewi Pratama,2014-08-11,siswa,dewi.pratama7340@gmail.com,uu98HYbV5C,,
S0871,Maya Ginting,2015-03-30,siswa,maya.ginting5460@gmail.com,zoUtFlZsxq,,
S0872,Maya Simanjuntak,2014-07-29,siswa,maya.simanjuntak3720@gmail.com,Rn0yNUI8Jm,,
S0873,Maya Simanjuntak,2012-08-28,siswa,maya.simanjuntak1347@gmail.com,0fUoTD9nu7,,
S0874,Joko Kusuma,2013-06-28,siswa,joko.kusuma4707@gmail.com,dzDEsy6XHb,,
S0875,Rina Ginting,2012-12-05,siswa,rina.ginting7784@gmail.com,lE6yDPJ7Z7,,
S0876,Sari Saputra,2015-07-28,siswa,sari.saputra8561@gmail.com,Y0n6lJMD1n,,
S0877,Lani Simanjuntak,2015-02-27,siswa,lani.simanjuntak3310@gmail.com,c33d3WcZgB,,
S0878,Rian Pratama,2013-03-26,siswa,rian.pratama8664@gmail.com,Ie50eNgoxi,,
S0879,Taufik Pratama,2010-04-26,siswa,taufik.pratama1518@gmail.com,6AhUy0f4Qu,,
S0880,Budi Wijaya,2014-07-23,siswa,budi.wijaya3154@gmail.com,7ER4bzxgC3,,
S0881,Joko Nasution,2014-02-09,siswa,joko.nasution7045@gmail.com,0FKZcgkPeE,,
S0882,BUDI SIMANJUNTAK,2011-03-23,siswa,budi.simanjuntak7702@gmail.com,wRwFZOU4xA,,
S0883,Siti Siregar,2015-08-15,siswa,siti.siregar4968@gmail.com,Muy6nAE8Cs,,
S0884,Lani Wijaya,2010-02-23,siswa,lani.wijaya8437@gmail.com,i081s4BUxx,,
S0885,Indah Hidayat,2014-07-12,siswa,indah.hidayat9476@gmail.com,PZaucW6CLC,,
S0886,Siti Hidayat,2015-11-20,,siti.hidayat1528@gmail.com,UVMhCm1bYJ,,
S0887,Rian Siregar,2015-04-02,siswa,rian.siregar3159@gmail.com,zld5Ff5Jlb,,
S0888,Agus Nasution,2013-03-04,,agus.nasution3856@gmail.com,grO6IJf7Dd,,
S0889,Guntur Pratama,N/A,siswa,guntur.pratama9644@gmail.com,CV17ofttMq,,
S0890,Guntur Wijaya,2011-05-16,siswa,guntur.wijaya8028@gmail.com,acErT7mvSi,,
S0891,Guntur Kusuma,2011-12-03,siswa,guntur.kusuma6712@gmail.com,c8JipouFLY,,
S0892,Eko Gunawan,2011-05-13,siswa,eko.gunawan3694@gmail.com,AfmkZRfsuM,,
S0893,Rina Nasution,2012-03-03,siswa,rina.nasution5391@gmail.com,sHd5pH5zaO,,
S0894,Joko Gunawan,2014-04-02,siswa,joko.gunawan2937@gmail.com,1KNQX9IGR7,,
S0895,Andi Nasution,2014-02-15,siswa,andi.nasution7782@gmail.com,Z2xGuwRYBf,,
S0896,Rian Kusuma,2015-02-14,,rian.kusuma4992@gmail.com,rK0jE4RSyo,,
S0897,Rina Ginting,2010-08-21,siswa,rina.ginting9217@gmail.com,iMjhtN2TC8,,
S0898,Guntur Pratama,31/12/10,siswa,guntur.pratama8019@gmail.com,maZaiG7eDJ,,
S0899,Joko Hidayat,,siswa,joko.hidayat3147@gmail.com,Uw6xgEABEI,,
S0900,Dewi Kusuma,2010-12-07,siswa,dewi.kusuma1800@gmail.com,iiTQ6iwLcZ,,
S0901,Maya Hidayat,2011-01-20,siswa,maya.hidayat1747@gmail.com,mITueWyyCr,,
S0902,Rina Siregar,2011-03-29,siswa,rina.siregar3382@gmail.com,AfbwYfj6bi,,
S0903,Eko Nasution,2010-07-15,siswa,eko.nasution7729@gmail.com,uJjCtF2nkJ,,
S0904,Eko Hidayat,2010-11-19,siswa,N/A,2YZg8DCIie,,
S0905,???,2013-12-12,siswa,rina.wijaya7320@gmail.com,rUQenA599G,,
S0906,Budi Saputra,2012-09-18,siswa,budi.saputra2542@gmail.com,xPosAJrW59,,
S0907,Andi Nasution,2014-06-23,siswa,andi.nasution2602@gmail.com,UZYTQNTStG,,
S0908,Indah Nasution,2013-06-12,siswa,indah.nasution8968@gmail.com,JmzVzPBz8Z,,
S0909,Rina Pratama,2014-07-10,siswa,rina.pratama4204@gmail.com,Q76MygOWB6,,
S0910,Maya Ginting,2015-10-14,siswa,maya.ginting2960@gmail.com,e85My2DWG7,,
S0911,Budi Nasution,2011-06-21,siswa,budi.nasution9836@gmail.com,PxgX0gbcGY,,
S0912,,2012-10-12,siswa,indah.hidayat7483@gmail.com,AswPUhKghB,,
S0913,Dewi Gunawan,2013-08-24,siswa,dewi.gunawan6391@gmail.com,mj5IT90SVc,,
S0914,Budi Ginting,2011-08-03,siswa,budi.ginting8931@gmail.com,imGJNjyCAX,,
S0915,Indah Siregar,2010-06-26,siswa,indah.siregar9747@gmail.com,PyOp6iFCAh,,
S0916,Taufik Siregar,2014-12-14,siswa,taufik.siregar4993@gmail.com,aTPWFADXYM,,
S0917,Rian Ginting,2013-03-15,siswa,N/A,Q3IG5y2Yxa,,
S0918,Maya Siregar,2010-07-06,siswa,maya.siregar2109@gmail.com,oaNiYcf2zC,,
S0919,Indah Hidayat,2011-03-16,siswa,indah.hidayat1120@gmail.com,xqB3CMvBZb,,
S0920,Maya Simanjuntak,2012-05-28,siswa,maya.simanjuntak4489@gmail.com,Nv5FVCJoo4,,
S0921,Budi Gunawan,2013-11-22,siswa,budi.gunawan3612@gmail.com,XfrSwEiqtl,,
S0922,Agus Hidayat,2012-08-29,siswa,agus.hidayat9209@gmail.com,eaJ8oSd5MP,,
S0923,Guntur Pratama,2011-07-10,siswa,guntur.pratama5224@gmail.com,eDa4b61Sjn,,
S0924,Budi Ginting,2014-03-02,siswa,budi.ginting6571@gmail.com,rv6SQSIMQm,,
S0925,Agus Hidayat,,siswa,agus.hidayat9921@gmail.com,Go5KV6AF3z,,
S0926,Indah Simanjuntak,2013-07-08,siswa,indah.simanjuntak9121@gmail.com,ie3wdDJQtk,,
S0927,Andi Ginting,2011-10-28,siswa,andi.ginting6446@gmail.com,pyhsqyjF2F,,
S0928,Siti Nasution,2014-12-03,siswa,siti.nasution5070@gmail.com,dwR1IEHym8,,
S0929,Dewi Gunawan,07/09/12,siswa,dewi.gunawan3683@gmail.com,L5rAhudH35,,
S0930,Guntur Siregar,2013-02-28,siswa,guntur.siregar1502@gmail.com,X1ZFjq00Jr,,
S0931,Eko Pratama,2015-09-05,siswa,eko.pratama3352@gmail.com,jmDrMdRnbm,,
S0932,Eko Ginting,2011-07-02,siswa,eko.ginting7802@gmail.com,NGvhlABISu,,
S0933,Joko Saputra,2013-08-25,mhs,joko.saputra8910@gmail.com,ZFSoee5jaQ,,
S0934,Andi Simanjuntak,2010-06-16,siswa,andi.simanjuntak3958@gmail.com,FchIyhxW2r,,
S0935,Guntur Kusuma,2013-03-16,siswa,guntur.kusuma1957@gmail.com,i1cl7WSPXW,,
S0936,Dewi Pratama,2013-05-29,siswa,dewi.pratama1572@gmail.com,p2KKUAQtzg,,
S0937,Taufik Pratama,2012-11-02,siswa,taufik.pratama3474@gmail.com,zQFm51Wz2Z,,
S0938,Rian Gunawan,2015-02-12,siswa,rian.gunawan7031@gmail.com,9AEOogYHB8,,
S0939,Andi Simanjuntak,2012-02-02,siswa,andi.simanjuntak2540@gmail.com,83PSnP7mDU,,
S0940,Agus Ginting,2014-02-21,siswa,agus.ginting8061@gmail.com,Aq5tKjamQf,,
S0941,Rian Kusuma,2013-10-03,???,rian.kusuma6267@gmail.com,3QHsIMApTo,,
S0942,Sari Wijaya,2013-12-26,siswa,sari.wijaya2288@gmail.com,zNnF0MA4Sr,,
S0943,Rian Pratama,2015-11-24,siswa,rian.pratama8724@gmail.com,HhZQ6ce3nz,,
S0944,Guntur Wijaya,2011-12-19,siswa,guntur.wijaya1664@gmail.com,nfWMBLfWSL,,
S0945,Dewi Ginting,2011-04-08,siswa,dewi.ginting1566@gmail.com,???,,
S0946,Agus Pratama,2013-09-16,siswa,agus.pratama3971@gmail.com,5mU8rWWisK,,
S0947,Guntur Lestari,2015-05-08,siswa,guntur.lestari8591@gmail.com,QDBUjGrm68,,
S0948,Rian Wijaya,N/A,siswa,rian.wijaya6017@gmail.com,UKYeuTssi0,,
S0949,Agus Wijaya,2014-10-25,siswa,agus.wijaya4281@gmail.com,6AcRNw36tG,,
S0950,Maya Wijaya,2011-10-25,???,maya.wijaya9717@gmail.com,cHOyaCKDwS,,
S0951,Taufik Kusuma,2010-09-01,siswa,taufik.kusuma8193@gmail.com,EzDYXkV7zi,,
S0952,Taufik Kusuma,2014-12-12,siswa,taufik.kusuma7931@gmail.com,8l9GXwz5cc,,
S0953,Agus Simanjuntak,2014-07-18,siswa,agus.simanjuntak8068@gmail.com,fhNMLUVVf8,,
S0954,Andi Lestari,2013-04-16,siswa,andi.lestari8076@gmail.com,xvjYMx1fox,,
S0955,RIAN SAPUTRA,2011-03-28,siswa,rian.saputra3870@gmail.com,pixvEPWoFm,,
S0956,Budi Wijaya,2015-06-28,siswa,budi.wijaya9365@gmail.com,EQ17dWz9rq,,
S0957,Agus Lestari,2013-05-02,???,agus.lestari1494@gmail.com,4tneb6UzE0,,
S0958,Taufik Wijaya,2013-06-23,siswa,taufik.wijaya7377@gmail.com,l9oDheQdNW,,
S0959,Rian Hidayat,2015-11-11,???,rian.hidayat1157@gmail.com,FYq84T6iAp,,
S0960,Eko Pratama,2012-07-31,siswa,eko.pratama6665@gmail.com,aeFBr7NO5w,,
S0961,Joko Lestari,2012-06-18,siswa,joko.lestari6424@gmail.com,fpSU2TGedj,,
S0962,Dewi Gunawan,2011-01-21,siswa,dewi.gunawan1983@gmail.com,rwfVNtpgFq,,
S0963,Guntur Lestari,2012-10-18,siswa,guntur.lestari8115@gmail.com,8Fp7K7WV0r,,
S0964,Sari Saputra,2013-09-17,siswa,sari.saputra5824@gmail.com,BFiB5I6rrV,,
S0965,Rian Simanjuntak,2011-05-04,siswa,rian.simanjuntak9983@gmail.com,LO1sZaOCYE,,
S0966,Joko Lestari,2014-01-14,siswa,joko.lestari8363@gmail.com,sMGpsiAHBl,,
S0967,Budi Hidayat,2012-01-30,siswa,N/A,K8nf4xGiIj,,
S0968,Eko Simanjuntak,2012-04-24,siswa,eko.simanjuntak9163@gmail.com,8BsxMdnLsU,,
S0969,Guntur Wijaya,2012-05-22,siswa,guntur.wijaya5289@gmail.com,2yOpbL1XfX,,
S0970,Maya Simanjuntak,2013-03-05,siswa,maya.simanjuntak3442@gmail.com,kmLAaSDvew,,
S0971,Dewi Pratama,2013-11-15,siswa,dewi.pratama8456@gmail.com,CkGatDDp8K,,
S0972,Maya Siregar,2013-10-29,siswa,maya.siregar6668@gmail.com,g2c4VLS9bM,,
S0973,Sari Gunawan,2012-07-06,siswa,sari.gunawan1053@gmail.com,3es8O30OlJ,,
S0974,???,2010-03-07,siswa,sari.pratama7606@gmail.com,ioNIQNOeOY,,
S0975,Eko Ginting,2010-12-12,siswa,eko.ginting5410@gmail.com,cqxnPqjtCD,,
S0976,Lani Lestari,2013-07-18,siswa,lani.lestari6773@gmail.com,qhukOeygTB,,
S0977,Dewi Nasution,2014-08-29,siswa,dewi.nasution2315@gmail.com,tJ1RgeQnYD,,
S0978,Agus Saputra,2011-09-20,siswa,agus.saputra2424@gmail.com,???,,
S0979,Dewi Hidayat,2011-09-22,siswa,dewi.hidayat2767@gmail.com,UM1QhzWb9n,,
S0980,Taufik Kusuma,12/01/10,siswa,taufik.kusuma3685@gmail.com,8NP4Ver5gj,,
S0981,Guntur Ginting,2015-08-04,siswa,guntur.ginting7075@gmail.com,PLSlNmhCCp,,
S0982,Andi Pratama,2014-06-16,siswa,andi.pratama6772@gmail.com,F7cfQcYXJ2,,
S0983,Siti Simanjuntak,,siswa,siti.simanjuntak3340@gmail.com,31YQbGp4J9,,
S0984,Siti Hidayat,2010-03-04,siswa,siti.hidayat6380@gmail.com,pDUW6orzHP,,
S0985,Budi Pratama,2011-09-24,siswa,budi.pratama5970@gmail.com,1uZcswiE1I,,
S0986,Agus Wijaya,N/A,siswa,agus.wijaya8100@gmail.com,7O4S4XUeDy,,
S0987,Rina Ginting,2012-11-26,siswa,rina.ginting5989@gmail.com,YId4wJVqMg,,
S0988,Siti Pratama,2014-04-15,siswa,siti.pratama8117@gmail.com,GMnAz8vY55,,
S0989,Guntur Kusuma,2012-12-22,,guntur.kusuma2343@gmail.com,GXcgoi46Z8,,
S0990,Andi Lestari,2012-05-13,siswa,andi.lestari1999@gmail.com,Jy4XZbPASM,,
S0991,Siti Gunawan,2013-09-10,siswa,siti.gunawan7553@gmail.com,NzBOouHo7X,,
S0992,Andi Saputra,2010-12-09,siswa,andi.saputra4052@gmail.com,42Idz9GBQO,,
S0993,Andi Saputra,2012-04-28,siswa,andi.saputra1310@gmail.com,wChnlk270G,,
S0994,Budi Wijaya,2011-09-09,siswa,budi.wijaya2886@gmail.com,D5OGrm0P74,,
S0995,Taufik Kusuma,2010-07-20,siswa,taufik.kusuma6007@gmail.com,0X0161pkVN,,
S0996,Indah Wijaya,2014-12-16,siswa,indah.wijaya2627@gmail.com,JoHh8sA0S6,,
S0997,Maya Ginting,2011-07-19,siswa,maya.ginting2069@gmail.com,FbZcL03MIQ,,
S0998,Maya Nasution,2013-04-17,siswa,maya.nasution9832@gmail.com,ye8fzLFDHS,,
S0999,Agus Ginting,2013-04-14,siswa,agus.ginting9794@gmail.com,jv6Bm7ttWC,,
S1000,Lani Siregar,2011-11-09,siswa,lani.siregar2663@gmail.com,aM2pmj64c5,,